,TEAM,YEAR,WIN%,PTS,FGM,FTA,DREB,NETRTG,PIE,REB%,FGA_RANK,3PM_RANK,3PA_RANK,FTM_RANK,FT%_RANK,OREB_RANK,BLKA_RANK,PF_RANK,IS_CHAMP,IS_CHAMP_PRED,IS_CHAMP_PRED_PROB
0,Chicago Bulls,1996,0.841,103.1,40.0,22.5,30.0,11.8,58.6,52.4,3,11,11,26,12,3,28,27,1,1,0.9071476613987871
1,Utah Jazz,1996,0.78,103.1,38.2,29.5,29.4,9.8,59.0,51.8,27,27,29,1,3,28,20,2,0,0,0.28913960903867386
2,Miami Heat,1996,0.744,94.8,34.4,24.7,29.3,6.0,53.6,50.4,25,1,1,22,23,21,16,7,0,0,0.04615751429333925
3,Houston Rockets,1996,0.695,100.6,37.0,24.3,31.3,4.7,53.6,51.4,14,2,2,16,7,24,21,28,0,0,0.03376503377844883
4,New York Knicks,1996,0.695,95.4,35.1,25.8,30.7,3.4,53.7,51.9,26,18,20,11,11,20,27,1,0,0,0.012267642469729338
5,Seattle SuperSonics,1996,0.695,100.9,36.5,28.0,27.7,8.5,56.2,50.0,19,9,7,3,8,17,10,16,0,0,0.0746544192465297
6,Atlanta Hawks,1996,0.683,94.8,34.3,23.8,28.7,6.2,53.9,50.5,22,3,3,18,4,14,26,29,0,0,0.045390961238913376
7,Los Angeles Lakers,1996,0.683,100.0,36.8,28.4,29.4,4.2,53.0,50.1,9,10,8,8,29,7,19,13,0,0,0.03492009624741566
8,Charlotte Hornets,1996,0.659,98.9,36.4,24.2,28.0,2.1,52.8,49.5,21,5,13,13,2,26,24,24,0,0,0.008392967963989301
9,Detroit Pistons,1996,0.659,94.2,34.5,24.3,28.0,5.9,53.0,49.2,28,7,9,20,14,29,29,25,0,0,0.03803497860791314
10,Portland Trail Blazers,1996,0.598,99.0,36.6,27.6,30.4,4.2,52.7,52.7,15,13,12,9,26,12,11,5,0,0,0.018662504147401938
11,Orlando Magic,1996,0.549,94.1,34.6,24.1,27.1,-0.5,48.6,49.0,13,8,5,21,13,11,13,26,0,0,0.0006308032020591347
12,Washington Bullets,1996,0.537,99.4,39.1,24.1,29.5,1.5,52.5,50.3,8,28,27,24,28,18,25,15,0,0,0.022680406122153652
13,Cleveland Cavaliers,1996,0.512,87.5,33.0,21.6,26.3,1.9,51.2,49.9,29,14,21,28,19,27,23,10,0,0,0.0032461605900849506
14,Minnesota Timberwolves,1996,0.488,96.1,35.8,26.6,28.1,-1.7,50.1,48.8,18,26,25,7,9,22,7,14,0,0,0.000182672470939212
15,Phoenix Suns,1996,0.488,102.8,38.3,25.9,29.0,0.9,50.9,48.2,5,12,10,10,5,25,22,22,0,0,0.0018848076074196125
16,Indiana Pacers,1996,0.476,95.4,34.8,28.5,29.1,1.3,50.4,50.6,24,22,24,5,21,15,14,3,0,0,0.0015303703693374186
17,Los Angeles Clippers,1996,0.439,97.2,36.5,25.3,27.3,-2.8,47.5,49.2,6,17,17,14,17,8,15,4,0,0,0.00018367837166410197
18,Sacramento Kings,1996,0.415,96.4,36.6,25.2,28.1,-4.3,47.0,50.2,11,24,26,19,20,5,12,6,0,0,0.00018904076332385607
19,Milwaukee Bucks,1996,0.402,95.3,36.2,25.7,27.6,-2.0,47.7,50.1,23,29,28,12,15,23,17,9,0,0,0.00018922070300151373
20,Golden State Warriors,1996,0.366,99.6,36.5,26.6,27.5,-5.0,46.4,49.7,12,15,15,4,1,10,18,18,0,0,4.6909362588546835e-05
21,Toronto Raptors,1996,0.366,95.5,35.3,24.5,27.5,-3.5,46.7,49.8,10,6,6,23,22,4,8,11,0,0,0.00024590720907796194
22,New Jersey Nets,1996,0.317,97.2,36.5,24.8,29.0,-4.8,45.7,51.3,1,16,14,17,16,1,2,12,0,0,5.1522351660268145e-05
23,Dallas Mavericks,1996,0.293,90.6,34.3,23.4,27.6,-6.5,44.8,48.8,16,23,19,27,25,13,9,17,0,0,2.6235633820797657e-05
24,Philadelphia 76ers,1996,0.268,100.2,36.6,29.9,28.7,-6.9,45.3,50.4,4,21,16,2,18,2,3,23,0,0,2.3605747003701993e-05
25,Denver Nuggets,1996,0.256,97.8,35.8,24.3,29.9,-6.6,46.1,49.6,7,4,4,15,6,19,5,19,0,0,1.9376429815535498e-05
26,San Antonio Spurs,1996,0.244,90.5,34.5,23.5,26.0,-8.8,44.0,49.0,20,25,23,25,24,6,6,20,0,0,1.2676770519841108e-05
27,Boston Celtics,1996,0.183,100.6,37.4,26.8,26.7,-7.2,43.4,48.2,2,19,18,6,10,9,1,8,0,0,4.274231687867439e-06
28,Vancouver Grizzlies,1996,0.171,89.2,34.4,21.1,26.3,-11.0,43.3,46.9,17,20,22,29,27,16,4,21,0,0,3.5759173993105096e-06
29,Chicago Bulls,1997,0.756,96.7,37.4,24.5,29.7,7.8,56.0,52.7,7,17,14,19,14,3,27,25,1,0,0.2647838299159269
30,Utah Jazz,1997,0.756,101.0,36.5,32.2,29.3,7.2,57.1,52.9,29,26,29,1,1,26,10,3,0,0,0.06317602712840983
31,Los Angeles Lakers,1997,0.744,105.5,38.4,33.5,30.1,8.1,55.8,50.3,13,5,5,2,29,11,11,11,0,0,0.36274490372175294
32,Seattle SuperSonics,1997,0.744,100.6,37.2,25.7,27.1,7.9,54.4,48.1,15,1,2,18,23,28,15,18,0,0,0.1152941756057164
33,Indiana Pacers,1997,0.707,96.0,35.6,26.0,28.6,6.8,55.3,49.0,26,9,12,13,6,29,21,12,0,0,0.04171380309502194
34,Phoenix Suns,1997,0.683,99.6,38.3,23.8,29.9,5.6,54.7,49.7,9,6,7,24,11,21,28,22,0,0,0.11741759142689816
35,San Antonio Spurs,1997,0.683,92.5,35.3,26.4,32.2,4.4,55.1,52.4,28,19,23,20,27,22,19,24,0,0,0.10209140872054938
36,Miami Heat,1997,0.671,95.0,34.8,25.4,29.5,5.2,53.5,50.8,25,3,3,17,16,19,22,2,0,0,0.027753713346441024
37,Charlotte Hornets,1997,0.622,96.6,36.2,26.7,28.5,2.2,52.6,51.0,24,12,19,11,10,23,23,23,0,0,0.011435974843298476
38,Atlanta Hawks,1997,0.61,95.9,35.2,28.2,29.5,4.0,53.2,51.8,23,13,13,3,7,9,24,26,0,0,0.016443752318378118
39,Cleveland Cavaliers,1997,0.573,92.5,34.4,26.7,28.4,2.8,52.8,50.8,27,21,25,9,8,27,8,5,0,0,0.0016795267292733726
40,Portland Trail Blazers,1997,0.561,94.3,35.2,27.1,30.8,1.6,51.2,52.5,20,14,11,12,18,12,9,13,0,0,0.0029449076774658847
41,Minnesota Timberwolves,1997,0.549,101.1,38.5,27.5,29.6,0.8,51.5,49.7,4,20,22,7,15,14,12,9,0,0,0.0023744007508525026
42,New Jersey Nets,1997,0.524,99.6,37.3,28.7,26.1,1.5,49.7,50.8,2,18,16,4,13,1,3,7,0,0,0.0008254214702976433
43,New York Knicks,1997,0.524,91.6,34.9,22.1,29.7,2.7,51.7,51.2,17,10,9,27,2,25,29,4,0,0,0.003363946021078707
44,Washington Wizards,1997,0.512,97.2,37.6,26.3,28.5,0.7,50.7,50.1,5,16,15,21,26,7,25,16,0,0,0.009874908159638936
45,Houston Rockets,1997,0.5,98.8,35.9,25.9,28.7,-0.9,49.0,49.9,14,2,1,14,4,24,26,27,0,0,0.0009069474848038405
46,Orlando Magic,1997,0.5,90.1,33.8,26.1,26.9,-1.2,48.9,50.5,16,22,18,16,20,6,17,29,0,0,0.0005933269748111127
47,Detroit Pistons,1997,0.451,94.2,34.9,27.9,28.5,1.6,50.5,50.0,22,23,17,6,12,15,18,21,0,0,0.0012529748167481008
48,Boston Celtics,1997,0.439,95.9,36.7,24.0,24.9,-2.7,45.7,48.4,1,7,6,26,21,4,13,1,0,0,0.00018430929765661863
49,Milwaukee Bucks,1997,0.439,94.5,35.6,26.4,27.3,-2.2,48.3,50.1,21,27,27,8,5,18,16,8,0,0,0.00011253082079875155
50,Philadelphia 76ers,1997,0.378,93.3,34.6,28.7,28.0,-2.3,47.8,49.9,18,28,24,5,19,8,5,10,0,0,9.427875432554637e-05
51,Sacramento Kings,1997,0.329,93.1,36.1,25.6,28.1,-5.9,45.8,48.3,11,24,26,25,28,10,7,19,0,0,9.764532016483444e-05
52,Dallas Mavericks,1997,0.244,91.4,35.1,21.2,27.8,-6.3,44.6,46.6,8,8,8,29,9,20,20,28,0,0,2.3155413805415014e-05
53,Golden State Warriors,1997,0.232,88.3,34.7,23.3,30.2,-9.6,42.3,50.5,3,29,28,28,25,2,6,14,0,0,3.908236675146195e-06
54,Vancouver Grizzlies,1997,0.232,96.6,36.7,26.2,28.2,-7.8,45.2,49.6,12,15,20,15,17,13,1,20,0,0,2.4898972311283317e-05
55,Los Angeles Clippers,1997,0.207,95.9,35.7,25.0,27.8,-7.7,43.7,48.1,10,4,4,22,22,16,14,17,0,0,2.5182102968223443e-05
56,Toronto Raptors,1997,0.195,94.9,36.2,25.1,26.2,-9.5,43.1,46.6,6,11,10,23,24,5,4,15,0,0,8.758717744197336e-06
57,Denver Nuggets,1997,0.134,89.0,32.6,26.2,26.3,-13.2,40.7,48.2,19,25,21,10,3,17,2,6,0,0,5.514285544814837e-08
58,San Antonio Spurs,1998,0.74,92.8,34.8,28.3,31.7,9.1,58.2,51.2,21,24,25,11,24,16,13,26,1,0,0.2892866293367143
59,Utah Jazz,1998,0.74,93.3,33.7,30.2,30.2,7.4,59.1,51.6,27,27,28,1,3,24,8,14,0,0,0.04106533872199151
60,Portland Trail Blazers,1998,0.7,94.8,34.9,27.0,31.4,6.6,55.6,51.9,12,11,13,10,9,13,14,16,0,0,0.036970633052465576
61,Indiana Pacers,1998,0.66,94.7,34.6,24.6,29.0,4.3,52.6,49.5,17,4,6,12,1,21,18,20,0,0,0.004435181450469392
62,Miami Heat,1998,0.66,89.0,32.3,25.2,30.2,5.8,56.0,50.3,28,5,5,15,12,27,29,23,0,0,0.03883263342767336
63,Orlando Magic,1998,0.66,89.5,33.7,25.0,28.9,2.6,51.9,51.8,13,14,14,22,23,7,19,29,0,0,0.009876074412250557
64,Atlanta Hawks,1998,0.62,86.3,30.8,28.4,30.0,3.1,52.5,52.7,23,20,17,3,15,9,15,27,0,0,0.0018753791451202163
65,Houston Rockets,1998,0.62,94.2,35.1,23.7,30.8,2.5,52.3,50.6,22,1,3,23,16,26,16,28,0,0,0.011420925903035712
66,Los Angeles Lakers,1998,0.62,99.0,36.8,30.1,29.6,3.3,52.7,50.0,15,12,10,5,26,17,27,2,0,0,0.018043085348924036
67,Detroit Pistons,1998,0.58,90.4,33.2,25.7,28.2,4.0,51.5,51.4,25,10,11,14,11,18,21,10,0,0,0.003968411879981531
68,Milwaukee Bucks,1998,0.56,91.7,35.1,23.1,27.4,1.8,51.2,48.4,20,13,18,25,13,23,28,11,0,0,0.004205335008452767
69,Philadelphia 76ers,1998,0.56,89.7,33.1,29.7,28.6,2.4,51.8,51.5,16,29,29,2,18,3,9,7,0,0,0.001158784515697421
70,New York Knicks,1998,0.54,86.4,32.2,24.4,30.2,1.2,51.5,49.4,26,18,21,18,14,25,24,12,0,0,0.001173114851088828
71,Phoenix Suns,1998,0.54,95.6,35.9,24.3,28.4,2.2,52.9,48.9,7,9,9,16,5,19,26,24,0,0,0.004901619049006472
72,Sacramento Kings,1998,0.54,100.2,38.4,25.9,31.5,-0.4,49.4,49.3,2,6,1,19,27,6,23,25,0,0,0.00629124196597648
73,Charlotte Hornets,1998,0.52,92.9,33.4,27.7,29.9,0.0,51.1,48.2,24,8,8,4,8,28,20,19,0,0,0.0005241752099960957
74,Minnesota Timberwolves,1998,0.5,92.9,36.8,22.9,27.8,0.5,49.3,50.1,1,28,27,24,10,2,10,6,0,0,0.0005527974142555275
75,Seattle SuperSonics,1998,0.5,94.9,35.1,27.1,28.4,-0.9,49.0,50.6,10,2,4,17,28,10,22,22,0,0,0.002693890712100749
76,Toronto Raptors,1998,0.46,91.1,33.2,26.6,28.9,-1.9,48.9,51.5,14,15,16,7,6,5,11,13,0,0,0.00012265071904759517
77,Cleveland Cavaliers,1998,0.44,86.4,31.2,27.1,26.3,-1.9,49.3,47.8,29,21,24,6,7,29,6,4,0,0,2.5588340994024697e-05
78,Golden State Warriors,1998,0.42,88.3,34.6,23.5,31.2,-2.9,46.6,52.3,3,25,23,28,29,1,3,1,0,0,0.00011405476599388959
79,Boston Celtics,1998,0.38,93.0,36.3,21.5,29.2,-2.1,47.3,49.3,4,7,7,29,25,8,12,5,0,0,0.0003868178143227677
80,Dallas Mavericks,1998,0.38,91.6,35.0,24.2,29.6,-2.7,47.4,49.5,6,19,20,21,17,14,17,21,0,0,0.00017462760685258495
81,Washington Wizards,1998,0.36,91.2,35.4,24.0,28.1,-2.3,47.6,48.8,11,22,22,26,22,20,25,8,0,0,0.00031355801656910527
82,New Jersey Nets,1998,0.32,91.4,33.8,25.0,28.7,-4.2,46.6,49.6,5,16,12,13,2,4,2,15,0,0,1.337422746655466e-05
83,Denver Nuggets,1998,0.28,93.5,33.6,26.5,27.8,-7.3,44.2,48.3,9,3,2,8,4,15,7,9,0,0,2.6688117351786376e-06
84,Chicago Bulls,1998,0.26,81.9,30.8,23.7,27.9,-10.4,42.0,48.2,19,23,19,27,21,22,5,18,0,0,5.393519333534861e-07
85,Los Angeles Clippers,1998,0.18,90.4,34.2,24.5,25.9,-9.6,40.2,48.0,8,17,15,20,19,11,4,3,0,0,5.989175151039335e-07
86,Vancouver Grizzlies,1998,0.16,88.9,32.9,28.2,27.2,-9.3,42.7,49.0,18,26,26,9,20,12,1,17,0,0,1.3855857470024869e-06
87,Los Angeles Lakers,1999,0.817,100.8,38.3,28.9,33.4,9.0,57.3,51.8,11,17,17,5,28,5,26,20,1,1,0.5944633924132963
88,Portland Trail Blazers,1999,0.72,97.5,36.8,24.7,31.2,6.9,55.9,52.3,25,14,14,17,11,20,24,19,0,0,0.158620790091459
89,Indiana Pacers,1999,0.683,101.3,37.2,24.5,31.9,5.1,53.4,49.2,20,1,4,7,1,28,29,22,0,0,0.021366874238312406
90,Utah Jazz,1999,0.671,96.5,36.1,26.2,29.6,4.6,55.1,51.6,27,23,26,3,9,22,18,6,0,0,0.013064748196106002
91,Phoenix Suns,1999,0.646,98.9,37.7,23.6,31.2,5.4,54.2,50.0,14,8,10,23,12,14,14,10,0,0,0.05390049053549156
92,San Antonio Spurs,1999,0.646,96.2,36.0,27.0,32.5,6.4,55.6,51.2,26,24,24,6,16,24,15,27,0,0,0.04947498046885301
93,Miami Heat,1999,0.634,94.4,36.3,22.3,31.9,3.1,54.3,50.8,23,9,12,29,21,25,23,13,0,0,0.048521164667513016
94,Minnesota Timberwolves,1999,0.61,98.5,39.3,21.6,30.1,2.5,53.1,50.7,6,28,28,26,7,15,27,15,0,0,0.015386506928698038
95,New York Knicks,1999,0.61,92.1,35.3,22.0,30.7,1.5,50.7,49.6,28,16,20,24,5,29,25,9,0,0,0.0019990143336916975
96,Charlotte Hornets,1999,0.598,98.4,35.8,30.0,32.1,2.8,54.1,50.1,22,20,19,2,13,27,16,28,0,0,0.009182099761931267
97,Philadelphia 76ers,1999,0.598,94.8,36.5,27.1,30.1,1.5,50.8,50.4,15,29,29,12,26,2,1,14,0,0,0.0027051270194977735
98,Seattle SuperSonics,1999,0.549,99.1,37.9,23.9,30.3,1.0,49.6,49.1,5,3,3,27,29,11,11,23,0,0,0.008080268694467822
99,Toronto Raptors,1999,0.549,97.2,36.3,25.2,29.9,-0.1,50.0,49.9,8,11,13,11,10,7,12,8,0,0,0.0007617876189954049
100,Sacramento Kings,1999,0.537,105.0,40.0,24.6,32.1,2.9,51.3,49.3,1,4,1,19,14,10,19,25,0,0,0.023078757132147607
101,Detroit Pistons,1999,0.512,103.5,37.1,30.6,30.0,1.4,50.6,49.5,21,10,11,1,6,26,21,7,0,0,0.0022897217179622966
102,Milwaukee Bucks,1999,0.512,101.2,38.7,24.2,28.9,0.3,49.8,49.7,12,15,15,16,3,16,28,5,0,0,0.0019460992405954847
103,Orlando Magic,1999,0.5,100.1,38.6,26.1,31.0,0.8,49.7,50.6,4,26,25,13,22,3,6,11,0,0,0.002043507281468251
104,Dallas Mavericks,1999,0.488,101.4,39.0,21.4,29.8,-0.5,49.3,46.6,3,5,7,25,2,23,17,24,0,0,0.0010574402948993905
105,Boston Celtics,1999,0.427,99.3,37.2,26.5,29.5,-1.1,47.6,50.6,9,13,9,8,18,6,7,1,0,0,0.0002678101992869231
106,Denver Nuggets,1999,0.427,99.0,37.3,25.8,31.6,-2.3,48.3,50.4,7,7,5,18,24,8,9,12,0,0,0.0008316933439736915
107,Houston Rockets,1999,0.415,99.5,36.6,26.2,31.5,-0.8,49.0,50.8,19,2,2,14,23,17,13,29,0,0,0.002641703173533722
108,Cleveland Cavaliers,1999,0.39,97.0,36.3,26.9,30.5,-3.5,47.5,49.6,17,18,21,4,15,18,3,2,0,0,5.7405877279577674e-05
109,New Jersey Nets,1999,0.378,98.0,36.3,24.9,28.2,-1.1,47.9,47.2,10,6,6,9,4,12,8,16,0,0,0.00014536014619449873
110,Washington Wizards,1999,0.354,96.6,36.7,25.7,29.7,-3.4,47.1,50.6,18,21,23,15,19,9,4,3,0,0,0.00016444671307230626
111,Atlanta Hawks,1999,0.341,94.3,36.6,24.2,31.3,-5.7,46.2,51.6,13,27,27,22,20,4,20,26,0,0,0.00021229433295959758
112,Vancouver Grizzlies,1999,0.268,93.9,35.3,25.1,28.3,-6.0,45.7,50.1,24,25,22,10,8,19,2,18,0,0,1.0657736652140491e-05
113,Golden State Warriors,1999,0.232,95.5,36.5,26.2,29.7,-8.4,43.1,49.9,2,19,16,20,27,1,5,4,0,0,1.1582464807230758e-05
114,Chicago Bulls,1999,0.207,84.8,31.3,25.5,28.3,-10.0,41.7,49.9,29,22,18,21,25,13,10,17,0,0,1.8649469503027882e-06
115,Los Angeles Clippers,1999,0.183,92.0,35.1,22.3,29.0,-11.9,41.1,47.4,16,12,8,28,17,21,22,21,0,0,2.0942361304623108e-06
116,San Antonio Spurs,2000,0.707,96.2,35.2,28.5,33.1,8.3,57.3,51.1,27,10,15,4,25,24,15,29,0,0,0.25906705585763473
117,Los Angeles Lakers,2000,0.683,100.6,37.9,28.5,31.5,3.5,53.2,51.7,11,11,9,10,29,4,28,13,1,0,0.07901154304433351
118,Philadelphia 76ers,2000,0.683,94.7,35.4,27.8,31.7,4.6,53.6,52.3,19,28,28,3,18,5,10,26,0,0,0.013673125191823341
119,Sacramento Kings,2000,0.671,101.7,38.2,25.3,33.0,5.7,54.0,49.7,2,7,6,8,5,14,8,28,0,0,0.017528791643930387
120,Dallas Mavericks,2000,0.646,100.5,37.6,23.8,31.4,4.4,52.3,48.1,10,3,7,13,2,27,23,8,0,0,0.006599788385184398
121,Utah Jazz,2000,0.646,97.1,36.1,27.8,29.1,5.2,54.8,51.9,26,21,26,1,16,19,11,1,0,0,0.01597180119090739
122,Milwaukee Bucks,2000,0.634,100.7,38.0,22.9,30.5,4.2,51.9,49.4,8,2,2,17,3,15,26,6,0,0,0.010410926392127658
123,Phoenix Suns,2000,0.622,94.0,35.9,24.1,30.8,2.3,52.1,50.0,9,22,18,15,15,16,18,14,0,0,0.0023962886119821775
124,Miami Heat,2000,0.61,88.9,32.9,22.9,29.7,2.3,52.3,49.0,28,8,5,23,10,28,16,25,0,0,0.002388277703145033
125,Portland Trail Blazers,2000,0.61,95.4,36.6,23.2,30.3,4.2,54.4,52.2,24,16,19,22,9,17,29,20,0,0,0.06015546858215589
126,New York Knicks,2000,0.585,88.7,33.6,21.1,30.8,3.0,52.0,49.8,29,13,13,27,1,29,27,15,0,0,0.0030398833204269
127,Minnesota Timberwolves,2000,0.573,97.3,38.4,21.2,30.1,1.6,51.8,49.8,6,25,25,29,4,12,25,10,0,0,0.005485466687077765
128,Toronto Raptors,2000,0.573,97.6,37.2,24.2,30.8,2.3,52.2,51.5,3,12,11,16,17,2,12,21,0,0,0.008374908882789736
129,Charlotte Hornets,2000,0.561,91.9,34.1,26.2,31.8,2.1,52.7,51.3,17,19,20,9,19,8,24,19,0,0,0.006106085298271921
130,Houston Rockets,2000,0.549,97.2,35.9,25.4,30.8,2.4,50.9,50.2,18,5,4,11,14,21,20,27,0,0,0.00450915546222009
131,Seattle SuperSonics,2000,0.537,97.3,36.9,24.2,29.5,0.2,49.4,49.6,13,9,10,20,23,13,4,22,0,0,0.0018844635022699124
132,Orlando Magic,2000,0.524,97.5,36.7,25.2,29.9,1.0,49.5,48.9,7,6,8,18,26,6,13,2,0,0,0.0026990349574602503
133,Indiana Pacers,2000,0.5,92.6,34.5,24.5,31.6,-0.2,51.0,49.7,23,14,12,14,7,22,22,7,0,0,0.0006799318871511819
134,Denver Nuggets,2000,0.488,96.6,36.3,24.0,31.5,-2.8,48.0,49.7,4,4,3,21,22,7,6,17,0,0,0.00039395008986395634
135,Boston Celtics,2000,0.439,94.6,33.8,26.7,28.9,-2.2,46.8,47.8,20,1,1,6,20,25,14,4,0,0,7.017137709206815e-05
136,Detroit Pistons,2000,0.39,95.6,35.6,27.2,32.0,-1.8,48.0,50.5,5,15,14,7,24,3,21,5,0,0,0.00038533496418329373
137,Los Angeles Clippers,2000,0.378,92.5,35.3,25.1,31.2,-2.9,47.6,50.6,21,17,17,24,28,18,19,18,0,0,0.0006856099763555781
138,Cleveland Cavaliers,2000,0.366,92.2,35.2,24.9,29.8,-4.2,46.9,50.5,15,29,29,12,8,10,1,11,0,0,2.322019882300042e-05
139,New Jersey Nets,2000,0.317,92.1,33.9,26.2,28.5,-5.4,44.6,47.7,14,18,16,5,11,23,2,3,0,0,2.3479580395018977e-06
140,Atlanta Hawks,2000,0.305,91.0,35.1,22.1,30.4,-5.5,45.2,50.1,12,20,24,28,12,9,3,16,0,0,3.0286831227129805e-05
141,Vancouver Grizzlies,2000,0.28,91.7,35.0,23.1,29.6,-6.0,46.5,48.4,16,23,23,19,6,26,9,23,0,0,1.4008278588862715e-05
142,Washington Wizards,2000,0.232,93.2,34.5,27.4,28.9,-6.8,45.3,50.2,22,26,27,2,13,11,5,9,0,0,7.28479045082401e-06
143,Golden State Warriors,2000,0.207,92.5,35.8,24.7,29.1,-9.2,42.7,50.4,1,27,21,25,27,1,7,24,0,0,8.294465845779992e-06
144,Chicago Bulls,2000,0.183,87.6,33.2,23.3,27.6,-10.0,43.2,48.0,25,24,22,26,21,20,17,12,0,0,3.5740088381353488e-06
145,Sacramento Kings,2001,0.744,104.6,39.8,26.3,33.0,8.1,55.2,50.2,1,12,16,6,16,15,22,28,0,0,0.19701580301606514
146,Los Angeles Lakers,2001,0.707,101.3,38.4,26.1,31.8,7.6,54.9,50.1,8,6,7,12,29,13,27,8,1,0,0.23665997866889604
147,San Antonio Spurs,2001,0.707,96.7,35.5,27.4,31.3,6.9,55.4,50.1,28,11,12,3,20,24,13,26,0,0,0.056187218149678315
148,Dallas Mavericks,2001,0.695,105.2,39.0,24.3,31.3,4.3,51.7,48.7,4,2,3,7,1,23,25,5,0,0,0.005517736007301636
149,New Jersey Nets,2001,0.634,96.2,37.1,23.3,30.7,4.3,53.7,50.3,9,16,13,19,24,12,11,18,0,0,0.01985918511814863
150,Detroit Pistons,2001,0.61,94.3,34.7,23.8,28.9,2.3,52.3,48.1,29,5,5,14,13,29,29,21,0,0,0.005525464697430644
151,Minnesota Timberwolves,2001,0.61,99.3,38.7,21.4,31.2,3.4,52.9,52.4,5,18,21,20,2,9,16,17,0,0,0.011045351752217544
152,Boston Celtics,2001,0.598,96.4,34.8,23.9,31.3,2.2,50.0,48.1,10,1,1,10,10,26,5,12,0,0,0.00038117927318709024
153,Portland Trail Blazers,2001,0.598,96.6,36.6,23.2,29.8,3.3,51.8,52.2,13,10,9,15,11,6,17,25,0,0,0.00922558279793388
154,Seattle SuperSonics,2001,0.549,97.7,38.2,20.4,28.5,3.3,52.2,49.0,12,7,10,27,14,17,19,19,0,0,0.01695660000748892
155,Charlotte Hornets,2001,0.537,93.9,35.3,25.7,30.5,1.2,51.3,51.1,19,22,23,8,18,10,14,16,0,0,0.0019526727191691356
156,Orlando Magic,2001,0.537,100.5,37.6,23.4,29.7,1.5,49.7,47.7,6,3,2,16,15,20,23,22,0,0,0.002608619297242903
157,Utah Jazz,2001,0.537,96.0,35.0,29.6,28.6,0.9,53.0,52.1,27,28,27,1,12,4,2,1,0,0,0.0016359346911854586
158,Philadelphia 76ers,2001,0.524,91.0,34.2,25.7,30.9,1.8,52.0,52.3,25,29,29,5,4,5,8,23,0,0,0.001143941426736394
159,Indiana Pacers,2001,0.512,96.8,35.8,26.3,31.3,0.4,51.0,49.9,20,17,14,4,5,21,7,3,0,0,0.0003275311029644603
160,Toronto Raptors,2001,0.512,91.4,35.6,20.9,28.5,-0.6,49.6,50.3,11,19,18,26,22,2,21,13,0,0,0.0014349043310853302
161,Milwaukee Bucks,2001,0.5,97.5,37.1,21.5,31.2,-0.3,50.2,49.1,21,4,4,24,17,28,26,10,0,0,0.002714469378365748
162,Los Angeles Clippers,2001,0.476,95.7,36.2,24.7,30.2,-0.4,49.5,51.2,14,15,17,11,23,7,12,24,0,0,0.0014206538112285605
163,Washington Wizards,2001,0.451,92.8,35.8,22.8,29.2,-1.6,48.6,50.4,15,26,28,17,8,11,18,14,0,0,0.00025553872175018987
164,Miami Heat,2001,0.439,87.2,34.2,20.8,31.0,-1.7,50.1,50.5,26,25,25,29,25,25,28,6,0,0,0.0008671543930420528
165,Phoenix Suns,2001,0.439,95.1,37.8,19.9,29.6,-0.7,48.6,49.8,3,21,19,28,7,8,6,11,0,0,0.00031049799592689165
166,Atlanta Hawks,2001,0.402,94.0,35.4,23.7,29.8,-4.4,46.5,49.1,17,13,15,13,9,19,4,20,0,0,3.086383435825048e-05
167,New York Knicks,2001,0.366,91.6,34.4,21.8,30.0,-4.2,46.6,48.9,23,9,8,21,3,27,24,9,0,0,4.1483498482430086e-05
168,Cleveland Cavaliers,2001,0.354,95.3,36.0,24.1,30.3,-3.6,48.2,50.5,18,20,22,9,6,18,9,15,0,0,6.947709628413762e-05
169,Houston Rockets,2001,0.341,92.3,34.6,23.1,29.4,-5.4,45.8,49.7,16,8,6,22,21,14,15,29,0,0,8.209922197567387e-05
170,Denver Nuggets,2001,0.329,92.2,35.5,21.4,28.2,-6.3,44.2,49.7,7,14,11,25,19,3,1,4,0,0,1.1505625734342887e-05
171,Memphis Grizzlies,2001,0.28,89.9,34.8,23.0,29.4,-8.0,45.6,48.3,22,23,20,23,28,16,10,27,0,0,2.7009706377222965e-05
172,Chicago Bulls,2001,0.256,89.5,34.3,23.9,28.8,-9.1,43.6,48.7,24,27,26,18,26,22,20,7,0,0,5.4268141134873075e-06
173,Golden State Warriors,2001,0.256,97.7,36.6,28.6,30.4,-5.6,45.6,51.6,2,24,24,2,27,1,3,2,0,0,2.7888114066716855e-05
174,Dallas Mavericks,2002,0.732,103.0,38.5,21.9,31.0,8.3,54.6,47.8,2,2,2,15,1,24,27,21,0,0,0.055884869140515554
175,San Antonio Spurs,2002,0.732,95.8,35.5,26.8,31.2,5.8,54.9,50.8,27,11,11,9,26,20,12,25,1,0,0.05876072327102327
176,Sacramento Kings,2002,0.72,101.7,39.5,22.3,33.5,6.6,55.1,49.3,1,7,8,24,18,25,24,26,0,0,0.15638357210115922
177,Minnesota Timberwolves,2002,0.622,98.1,38.7,22.3,31.9,2.2,52.9,50.8,5,24,27,23,10,16,19,23,0,0,0.010879018204667468
178,Detroit Pistons,2002,0.61,91.4,32.9,24.6,29.8,4.2,52.5,49.9,28,6,6,12,9,26,25,20,0,0,0.004743041729076227
179,Los Angeles Lakers,2002,0.61,100.4,37.7,26.0,31.1,2.2,52.0,50.9,4,8,7,13,25,5,28,5,0,0,0.017548703878947247
180,Portland Trail Blazers,2002,0.61,95.2,36.4,23.7,29.0,2.7,51.5,51.5,22,19,16,19,19,13,20,28,0,0,0.010913786387673393
181,New Jersey Nets,2002,0.598,95.4,35.4,26.8,30.8,5.4,54.4,51.0,18,22,22,5,15,14,8,16,0,0,0.010821864467907108
182,Indiana Pacers,2002,0.585,96.8,35.5,27.7,32.0,3.5,53.8,50.9,16,20,19,4,13,12,3,10,0,0,0.00401235847100427
183,Philadelphia 76ers,2002,0.585,96.8,36.3,27.5,29.5,2.6,51.6,50.9,15,27,28,2,8,7,2,11,0,0,0.0011725358133913432
184,New Orleans Hornets,2002,0.573,93.9,35.5,23.3,30.2,2.4,51.7,51.8,12,15,21,18,11,4,9,17,0,0,0.004043424502029898
185,Utah Jazz,2002,0.573,94.7,35.3,28.6,29.0,2.6,55.1,51.9,29,29,29,3,20,8,10,8,0,0,0.011298907496212582
186,Boston Celtics,2002,0.537,92.7,32.9,24.3,30.1,-0.6,48.0,47.4,21,1,1,17,22,28,22,19,0,0,0.0003662176593042524
187,Phoenix Suns,2002,0.537,95.5,36.6,23.5,29.8,1.3,49.8,49.6,6,17,17,21,23,6,6,12,0,0,0.0016808011527512344
188,Houston Rockets,2002,0.524,93.8,34.6,24.9,31.3,1.5,51.1,51.8,24,12,12,11,12,9,21,29,0,0,0.004038836454735754
189,Milwaukee Bucks,2002,0.512,99.5,37.1,23.3,28.9,0.3,49.5,47.7,13,4,5,16,7,27,26,9,0,0,0.0009143692124517577
190,Orlando Magic,2002,0.512,98.5,35.9,25.4,29.2,0.0,48.2,48.5,7,5,3,7,6,17,14,3,0,0,0.00015184951873932189
191,Seattle SuperSonics,2002,0.488,92.1,35.2,21.7,29.1,-0.2,50.2,49.7,17,10,9,26,21,18,15,22,0,0,0.0015568566609078316
192,Golden State Warriors,2002,0.463,102.4,37.3,29.0,31.0,-1.3,49.2,51.8,3,13,13,1,5,1,4,13,0,0,0.0003591359983016996
193,New York Knicks,2002,0.451,95.9,36.2,19.8,29.0,-1.3,47.4,48.0,10,3,4,27,2,29,29,4,0,0,0.00018588854119925424
194,Washington Wizards,2002,0.451,91.5,34.3,25.3,29.2,-1.1,49.8,49.6,26,26,26,8,4,23,23,27,0,0,0.0002643483858126738
195,Atlanta Hawks,2002,0.427,94.1,34.9,24.5,31.2,-3.8,48.3,49.9,25,16,18,10,3,22,16,15,0,0,7.829166960506486e-05
196,Chicago Bulls,2002,0.366,95.0,36.5,24.6,31.0,-5.1,45.7,49.2,11,21,23,20,27,15,17,2,0,0,8.436846845805142e-05
197,Memphis Grizzlies,2002,0.341,97.5,37.2,23.6,30.1,-3.5,48.2,48.2,9,9,10,22,24,21,11,24,0,0,0.0004127105139071601
198,Los Angeles Clippers,2002,0.329,93.8,34.6,26.5,30.0,-4.0,47.0,49.6,23,18,15,6,16,11,13,14,0,0,6.373278677947099e-05
199,Miami Heat,2002,0.305,85.6,32.8,20.6,30.0,-5.8,45.6,50.1,20,23,20,28,14,19,7,7,0,0,8.334164345680653e-06
200,Toronto Raptors,2002,0.293,90.9,34.7,22.9,28.7,-6.3,44.7,49.1,14,14,14,25,28,10,18,18,0,0,5.341727912748864e-05
201,Cleveland Cavaliers,2002,0.207,91.4,34.8,24.5,31.0,-9.9,43.1,51.3,8,25,24,14,17,2,5,6,0,0,1.947010520521696e-06
202,Denver Nuggets,2002,0.207,84.2,32.8,22.6,28.8,-8.9,42.5,51.1,19,28,25,29,29,3,1,1,0,0,2.8350931342374293e-06
203,Indiana Pacers,2003,0.744,91.4,33.6,24.6,29.9,6.3,53.9,51.1,25,9,10,11,11,17,2,21,0,0,0.008301499072192645
204,Minnesota Timberwolves,2003,0.707,94.5,37.0,21.3,32.3,5.7,55.4,50.7,14,25,27,25,5,25,29,16,0,0,0.03960962368681119
205,San Antonio Spurs,2003,0.695,91.5,34.7,25.2,32.5,7.9,56.6,51.6,20,17,18,20,29,11,24,24,0,0,0.3010308182321031
206,Los Angeles Lakers,2003,0.683,98.2,36.9,28.7,30.9,4.1,53.8,50.6,7,22,20,5,28,13,28,17,0,0,0.028622575423718117
207,Sacramento Kings,2003,0.671,102.8,37.8,24.9,30.4,5.4,54.4,48.8,6,2,4,6,2,24,16,28,0,0,0.015569712753061205
208,Detroit Pistons,2003,0.659,90.1,33.5,25.3,30.4,6.5,55.8,51.2,26,23,26,9,13,12,17,25,1,0,0.031769204045288005
209,Dallas Mavericks,2003,0.634,105.2,40.5,22.6,31.0,4.5,52.7,50.7,1,6,5,15,1,1,21,27,0,0,0.03699245821761006
210,Memphis Grizzlies,2003,0.61,96.7,36.1,26.1,29.0,2.6,52.2,48.9,9,10,8,10,24,8,4,3,0,0,0.002877007655048021
211,New Jersey Nets,2003,0.573,90.3,34.3,22.6,30.2,2.6,53.3,50.1,23,20,19,21,14,26,25,18,0,0,0.00501131315961929
212,Houston Rockets,2003,0.549,89.8,33.4,21.6,32.3,1.9,51.3,51.6,28,5,6,24,8,28,26,12,0,0,0.0024506786240681903
213,Denver Nuggets,2003,0.524,97.2,36.5,26.3,29.1,1.0,50.5,49.8,2,26,25,3,9,7,3,10,0,0,0.00028359952009280275
214,Miami Heat,2003,0.512,90.3,33.3,23.4,30.0,0.3,49.6,50.4,21,7,7,18,12,20,8,8,0,0,0.000306131810615105
215,Utah Jazz,2003,0.512,88.7,32.8,26.8,27.7,-1.3,49.3,52.9,29,28,28,4,20,5,1,1,0,0,0.00012214205823863055
216,Milwaukee Bucks,2003,0.5,98.0,36.2,26.7,30.5,1.1,51.0,49.9,10,19,17,2,7,18,18,26,0,0,0.0008592178519710855
217,New Orleans Hornets,2003,0.5,91.8,33.8,23.6,29.5,0.1,49.1,50.2,11,4,2,19,17,6,13,19,0,0,0.0006685714940958311
218,Portland Trail Blazers,2003,0.5,90.7,35.3,21.1,29.0,-1.5,48.8,50.7,19,21,22,28,23,10,20,29,0,0,0.0012953280325960152
219,New York Knicks,2003,0.476,92.0,35.1,21.1,31.0,-1.6,48.8,50.8,17,18,21,23,3,19,22,4,0,0,0.00021835548981298574
220,Golden State Warriors,2003,0.451,93.3,35.1,24.7,30.9,-1.1,49.1,50.3,18,12,11,17,25,14,14,23,0,0,0.0009473719927388682
221,Seattle SuperSonics,2003,0.451,97.1,35.8,21.7,28.3,-0.8,49.1,47.9,12,1,1,26,10,23,23,11,0,0,0.0007136023081442785
222,Boston Celtics,2003,0.439,95.3,34.7,25.5,29.8,-1.5,49.0,47.3,22,3,3,8,18,27,19,6,0,0,0.0002422488055148805
223,Cleveland Cavaliers,2003,0.427,92.9,35.6,24.8,31.9,-2.6,49.1,51.4,4,29,29,13,15,3,10,13,0,0,0.00016834466111106074
224,Philadelphia 76ers,2003,0.402,88.0,32.7,24.5,29.4,-2.6,48.4,49.8,27,24,24,14,16,21,5,22,0,0,6.690553103980304e-05
225,Toronto Raptors,2003,0.402,85.4,32.4,20.1,29.5,-3.4,47.6,47.1,24,8,9,29,19,29,27,14,0,0,0.00010040571809234818
226,Phoenix Suns,2003,0.354,94.2,36.1,22.7,29.3,-3.8,46.6,47.9,8,15,16,22,21,22,11,5,0,0,5.815296403246866e-05
227,Atlanta Hawks,2003,0.341,92.8,34.5,24.1,30.6,-4.8,46.6,50.0,16,16,14,12,6,16,15,7,0,0,2.041375634681063e-05
228,Los Angeles Clippers,2003,0.341,94.8,34.4,28.1,29.5,-4.7,46.4,51.7,13,27,23,1,4,2,12,9,0,0,1.6687281251169812e-05
229,Washington Wizards,2003,0.305,91.8,33.6,27.0,29.2,-5.7,44.1,49.6,15,11,12,7,27,4,6,20,0,0,1.8807961683347344e-05
230,Chicago Bulls,2003,0.28,89.7,34.1,22.4,30.7,-6.5,44.6,49.1,5,13,13,27,26,9,9,2,0,0,1.5226261192304326e-05
231,Orlando Magic,2003,0.256,94.0,35.4,24.4,28.7,-7.4,43.4,48.1,3,14,15,16,22,15,7,15,0,0,5.667594601770455e-06
232,Phoenix Suns,2004,0.756,110.4,40.9,25.4,32.3,7.0,54.6,49.0,2,1,1,19,22,18,27,30,0,0,0.4347166527369559
233,Miami Heat,2004,0.72,101.5,37.8,30.1,32.2,6.7,55.6,50.8,26,14,16,13,30,25,30,20,0,0,0.43766883362290365
234,San Antonio Spurs,2004,0.72,96.2,35.6,25.9,30.4,8.3,56.5,51.0,21,11,12,22,26,15,8,26,1,0,0.286531504488729
235,Dallas Mavericks,2004,0.707,102.5,37.3,28.2,30.9,5.9,53.7,50.0,7,15,15,1,4,14,14,18,0,0,0.01189082329667084
236,Detroit Pistons,2004,0.659,93.3,34.8,26.2,30.6,4.3,54.2,51.8,22,22,22,16,23,6,22,29,0,0,0.05259409580628889
237,Seattle SuperSonics,2004,0.634,98.9,35.1,26.0,28.2,2.3,50.4,51.7,20,2,2,11,3,8,18,6,0,0,0.002448341123985708
238,Houston Rockets,2004,0.622,95.1,34.7,24.2,31.7,4.3,52.7,51.2,23,6,7,21,7,27,28,21,0,0,0.01562748985230705
239,Sacramento Kings,2004,0.61,103.7,39.1,24.4,29.9,2.3,52.2,49.1,3,9,13,18,6,10,23,28,0,0,0.017800969545870394
240,Denver Nuggets,2004,0.598,99.5,37.0,28.2,30.2,2.2,53.1,49.7,14,24,24,6,15,19,4,13,0,0,0.002961450485861957
241,Chicago Bulls,2004,0.573,94.5,34.7,25.0,31.6,1.4,49.8,50.6,16,12,11,23,21,13,7,2,0,0,0.0014903015017092853
242,Boston Celtics,2004,0.549,101.3,37.1,28.3,29.7,0.8,50.5,49.4,19,17,17,3,14,23,15,4,0,0,0.0010984006928674952
243,Memphis Grizzlies,2004,0.549,93.4,34.2,24.7,28.1,2.7,51.5,48.7,29,8,9,24,19,26,2,9,0,0,0.0028626203449737997
244,Washington Wizards,2004,0.549,100.5,36.2,30.2,29.0,-0.4,48.5,49.7,5,10,8,2,24,1,12,22,0,0,0.000971524445886078
245,Indiana Pacers,2004,0.537,93.0,32.5,26.9,29.5,1.0,50.4,49.4,30,7,6,7,2,28,16,11,0,0,0.00032577488306408537
246,Minnesota Timberwolves,2004,0.537,96.8,37.1,22.2,31.5,1.6,51.8,50.8,12,21,21,26,1,22,29,25,0,0,0.005214151728427825
247,Philadelphia 76ers,2004,0.524,99.1,35.9,26.8,30.9,-0.7,49.3,49.1,6,13,10,8,5,24,20,14,0,0,0.0002370370471569039
248,Cleveland Cavaliers,2004,0.512,96.5,36.5,26.5,28.7,0.6,51.0,51.0,8,27,27,14,20,2,9,16,0,0,0.002163073474085628
249,New Jersey Nets,2004,0.512,91.4,33.6,24.9,29.1,-1.7,49.0,49.5,24,18,19,20,16,29,17,5,0,0,0.00020874988527978984
250,Los Angeles Clippers,2004,0.451,95.7,35.7,27.7,29.9,-0.8,51.8,51.8,27,30,30,4,8,16,19,19,0,0,0.0011483862449552366
251,Orlando Magic,2004,0.439,99.5,37.0,28.5,31.0,-2.3,48.9,50.7,9,25,26,5,17,9,26,8,0,0,0.000573440062209884
252,Golden State Warriors,2004,0.415,98.7,36.9,23.8,29.7,-2.2,47.3,47.7,1,5,4,28,27,5,10,17,0,0,0.0007548843648232624
253,Los Angeles Lakers,2004,0.415,98.7,35.3,26.1,30.6,-3.2,46.8,50.3,13,3,3,12,9,11,11,23,0,0,0.00014778542083657793
254,New York Knicks,2004,0.402,97.3,36.3,25.1,29.2,-2.7,47.5,49.8,15,16,18,17,12,20,21,7,0,0,0.00022027147299264117
255,Toronto Raptors,2004,0.402,99.7,36.0,25.6,29.8,-1.8,47.9,47.3,11,4,5,15,10,30,25,15,0,0,0.00027784506041024666
256,Milwaukee Bucks,2004,0.366,97.2,36.1,27.2,29.3,-3.0,47.8,50.3,17,23,25,9,11,17,24,24,0,0,0.00027103520256023506
257,Portland Trail Blazers,2004,0.329,92.9,35.3,23.7,29.3,-4.3,47.5,49.6,25,19,20,29,25,21,13,27,0,0,0.0003826147267049337
258,Utah Jazz,2004,0.317,93.0,34.5,27.7,27.4,-4.4,47.5,51.8,28,29,29,10,18,7,3,1,0,0,6.443613357577896e-05
259,Charlotte Bobcats,2004,0.22,94.3,36.1,25.6,28.5,-6.2,46.0,49.2,4,26,28,25,29,4,6,10,0,0,7.068086486988261e-05
260,New Orleans Hornets,2004,0.22,88.4,33.1,22.3,27.8,-7.7,43.7,49.4,18,20,14,30,13,12,5,12,0,0,4.191600061064129e-06
261,Atlanta Hawks,2004,0.159,92.7,35.9,24.3,28.5,-10.2,42.2,50.2,10,28,23,27,28,3,1,3,0,0,3.5461457135913695e-06
262,Detroit Pistons,2005,0.78,96.8,36.4,23.8,28.6,7.6,55.7,49.7,11,6,10,27,23,9,29,30,0,0,0.40692916441202387
263,San Antonio Spurs,2005,0.768,95.6,36.5,23.1,31.1,7.5,55.4,50.5,20,10,16,29,28,22,25,26,0,0,0.3593368085583146
264,Dallas Mavericks,2005,0.732,99.1,36.0,28.3,29.6,6.7,55.1,52.2,18,21,21,3,6,3,11,20,0,0,0.03619917145036632
265,Phoenix Suns,2005,0.659,108.4,41.8,18.0,32.3,5.4,54.7,48.0,1,1,1,30,1,30,30,28,0,0,0.1134501204770784
266,Miami Heat,2005,0.634,99.9,37.1,28.2,32.6,4.1,53.8,51.9,19,12,11,17,29,20,28,15,1,0,0.10543451653010436
267,Cleveland Cavaliers,2005,0.61,97.6,35.5,28.3,30.6,2.1,51.0,51.4,17,13,9,9,21,11,21,25,0,0,0.006515278314883477
268,Memphis Grizzlies,2005,0.598,92.2,33.5,25.3,29.0,4.1,51.6,49.6,30,5,6,24,27,25,1,24,0,0,0.008433293953412616
269,New Jersey Nets,2005,0.598,93.8,33.9,26.7,31.0,1.5,51.3,50.1,23,16,12,12,9,27,27,11,0,0,0.001290787156128984
270,Los Angeles Clippers,2005,0.573,97.2,36.5,26.1,33.0,1.6,52.3,51.3,15,30,29,8,2,26,23,16,0,0,0.0014819931438922582
271,Los Angeles Lakers,2005,0.549,99.4,36.5,26.5,30.3,2.6,51.8,50.7,9,8,5,18,15,10,24,13,0,0,0.011424001662177148
272,Denver Nuggets,2005,0.537,100.3,37.5,28.2,30.3,0.3,51.2,49.4,6,24,22,6,16,14,4,17,0,0,0.0009318226964443094
273,Sacramento Kings,2005,0.537,98.9,36.0,26.5,30.2,1.8,51.5,49.5,13,15,13,7,5,23,12,29,0,0,0.0012435717862126496
274,Washington Wizards,2005,0.512,101.7,36.3,30.4,28.6,1.9,50.3,49.9,7,14,15,1,12,4,26,19,0,0,0.0036757232597015746
275,Chicago Bulls,2005,0.5,97.8,36.6,24.0,31.7,0.7,50.1,50.3,4,7,8,25,17,15,7,3,0,0,0.0014778926336671246
276,Indiana Pacers,2005,0.5,93.9,34.0,26.3,31.2,2.0,51.4,50.6,24,9,7,19,19,16,13,22,0,0,0.004994242776382986
277,Utah Jazz,2005,0.5,92.4,33.5,30.1,29.0,-2.7,49.7,52.6,27,26,26,4,25,1,2,4,0,0,0.0002901391452337726
278,Milwaukee Bucks,2005,0.488,97.8,36.3,25.8,29.9,-1.0,48.6,50.7,10,11,17,22,18,12,9,12,0,0,0.0010489805023350506
279,New Orleans/Oklahoma City Hornets,2005,0.463,92.8,34.5,26.5,29.0,-2.8,48.4,49.7,16,28,27,15,10,13,5,23,0,0,9.710099419139639e-05
280,Philadelphia 76ers,2005,0.463,99.4,36.6,28.4,29.6,-1.8,49.2,48.1,12,22,24,5,7,19,17,27,0,0,0.000321637465402388
281,Orlando Magic,2005,0.439,94.9,35.5,27.8,29.3,-1.3,49.5,51.6,29,29,30,10,20,17,18,10,0,0,0.0008187356734915655
282,Seattle SuperSonics,2005,0.427,102.6,37.5,25.7,27.2,-3.3,46.7,49.5,5,3,3,16,4,6,14,9,0,0,0.00017599957837427155
283,Golden State Warriors,2005,0.415,98.5,35.8,26.7,30.3,-1.4,47.5,48.5,3,2,2,21,26,8,10,8,0,0,0.0006218411658978526
284,Houston Rockets,2005,0.415,90.1,33.0,24.1,31.3,-1.7,49.0,50.1,26,17,14,23,8,24,20,18,0,0,0.0002509596025149289
285,Boston Celtics,2005,0.402,98.0,36.0,26.9,29.7,-1.5,48.5,49.7,22,18,18,11,13,28,15,5,0,0,0.0002394403536054264
286,Minnesota Timberwolves,2005,0.402,91.7,35.2,23.1,29.5,-2.0,50.3,49.0,21,27,25,26,11,29,19,14,0,0,0.00035412417897031636
287,Toronto Raptors,2005,0.329,101.1,36.7,25.5,27.9,-3.2,45.9,48.4,8,4,4,13,3,21,22,6,0,0,6.538519983668092e-05
288,Atlanta Hawks,2005,0.317,97.2,35.9,26.9,27.2,-5.3,46.2,49.6,14,19,20,14,14,2,8,2,0,0,5.272745422239345e-05
289,Charlotte Bobcats,2005,0.317,96.9,36.1,26.7,27.7,-4.4,46.3,47.9,2,20,19,20,22,7,3,7,0,0,5.881066618313612e-05
290,New York Knicks,2005,0.28,95.6,34.4,31.5,28.8,-6.6,44.4,51.8,28,25,28,2,24,5,6,1,0,0,2.307366548185412e-05
291,Portland Trail Blazers,2005,0.256,88.8,34.0,23.7,26.9,-10.7,42.4,48.0,25,23,23,28,30,18,16,21,0,0,5.772949133863016e-06
292,Dallas Mavericks,2006,0.817,100.0,36.7,24.9,30.7,7.6,55.2,52.2,20,8,14,12,2,15,27,14,0,0,0.11054923052185844
293,Phoenix Suns,2006,0.744,110.2,41.3,22.3,31.5,7.4,56.1,48.4,2,1,1,26,1,30,29,28,0,0,0.3136792691097939
294,San Antonio Spurs,2006,0.707,98.5,36.6,24.1,31.4,9.2,56.9,50.5,27,6,7,24,17,28,23,30,1,0,0.47699756537773563
295,Detroit Pistons,2006,0.646,96.0,35.9,24.2,29.0,4.8,53.3,49.3,17,22,19,18,7,10,30,25,0,0,0.020812586237246487
296,Houston Rockets,2006,0.634,97.0,35.4,23.2,32.6,4.9,52.9,50.8,15,2,3,27,16,22,20,24,0,0,0.03393154729469954
297,Utah Jazz,2006,0.622,101.5,37.4,30.0,30.0,3.0,53.1,53.4,18,26,26,4,20,2,3,1,0,0,0.010689433141413488
298,Cleveland Cavaliers,2006,0.61,96.8,36.3,26.0,30.8,3.8,52.0,51.8,9,15,15,25,29,1,21,20,0,0,0.05165229817593767
299,Chicago Bulls,2006,0.598,98.8,37.1,25.4,31.7,5.2,53.9,51.4,7,16,23,20,22,8,4,8,0,0,0.035956660799520174
300,Toronto Raptors,2006,0.573,99.5,37.0,24.2,30.2,1.2,51.4,48.1,13,9,11,17,5,29,24,26,0,0,0.0027570846768759107
301,Denver Nuggets,2006,0.549,105.4,38.6,29.9,31.2,1.7,51.4,50.2,4,17,13,5,19,5,7,21,0,0,0.005764554057788053
302,Miami Heat,2006,0.537,94.6,35.6,24.6,30.8,-1.2,50.8,49.3,29,11,8,30,30,24,28,23,0,0,0.008731593885593138
303,Golden State Warriors,2006,0.512,106.5,39.8,25.8,29.9,-0.3,48.9,47.2,1,3,2,21,26,11,12,5,0,0,0.003291162172386478
304,Los Angeles Lakers,2006,0.512,103.3,37.8,27.1,30.4,-0.2,49.9,49.6,8,4,4,11,18,20,9,11,0,0,0.001307448636964501
305,New Jersey Nets,2006,0.5,97.6,35.5,26.3,30.8,-0.9,49.9,49.6,24,5,5,15,25,25,18,12,0,0,0.00164477502045206
306,Washington Wizards,2006,0.5,104.3,37.4,29.6,29.0,-0.4,48.5,48.9,3,7,6,2,11,6,15,16,0,0,0.0006692265373003454
307,Los Angeles Clippers,2006,0.488,95.6,35.1,27.4,30.3,-0.4,50.9,51.3,28,29,29,6,6,21,25,13,0,0,0.0007857693432347479
308,Orlando Magic,2006,0.488,94.8,35.1,29.2,29.5,0.8,50.2,51.9,30,27,28,8,28,16,16,10,0,0,0.0025543553439106334
309,New Orleans/Oklahoma City Hornets,2006,0.476,95.5,36.2,23.7,30.6,-1.6,48.5,51.4,6,23,22,28,21,4,14,29,0,0,0.001232270836250749
310,Indiana Pacers,2006,0.427,95.6,35.0,25.9,29.8,-2.5,48.5,50.3,12,18,16,14,15,7,10,9,0,0,0.0001817838975896432
311,Philadelphia 76ers,2006,0.427,94.9,35.8,26.0,28.7,-3.2,48.9,49.3,22,30,30,13,9,19,26,27,0,0,0.0002971459030413311
312,Charlotte Bobcats,2006,0.402,96.9,36.1,26.0,28.6,-3.9,47.1,48.5,10,21,20,16,23,17,5,2,0,0,6.222991564551457e-05
313,New York Knicks,2006,0.402,97.5,35.4,29.2,30.7,-3.1,47.1,52.7,26,19,17,7,27,3,11,6,0,0,0.0003744116192721337
314,Sacramento Kings,2006,0.402,101.3,35.9,30.2,29.2,-1.6,48.5,47.7,14,10,9,1,12,27,13,19,0,0,0.00018789305002992238
315,Minnesota Timberwolves,2006,0.39,96.1,36.5,23.1,30.2,-4.0,48.7,50.0,16,25,25,23,3,26,19,22,0,0,0.00015152730136720004
316,Portland Trail Blazers,2006,0.39,94.1,35.0,24.5,28.0,-4.8,45.9,50.7,23,24,24,19,8,13,17,7,0,0,4.4686509615714115e-05
317,Seattle SuperSonics,2006,0.378,99.1,37.2,23.3,28.3,-3.0,47.4,49.2,11,12,12,22,4,14,22,18,0,0,0.0002737587968532564
318,Atlanta Hawks,2006,0.366,93.7,34.5,26.9,28.2,-5.1,46.6,49.9,25,28,27,9,13,9,8,3,0,0,2.5641054147336114e-05
319,Milwaukee Bucks,2006,0.341,99.7,38.1,23.4,27.7,-4.3,45.6,47.9,5,13,10,29,24,12,6,17,0,0,0.0001568604539812355
320,Boston Celtics,2006,0.293,95.8,34.9,26.6,29.2,-3.5,45.9,50.2,19,20,21,10,10,18,1,4,0,0,2.1248334377892644e-05
321,Memphis Grizzlies,2006,0.268,101.6,36.6,29.4,29.0,-5.2,46.2,48.6,21,14,18,3,14,23,2,15,0,0,4.01917622711555e-05
322,Boston Celtics,2007,0.805,100.5,36.4,26.5,31.9,10.8,58.1,51.8,30,8,12,8,8,23,15,5,1,0,0.32771861269801583
323,Detroit Pistons,2007,0.72,97.5,36.6,24.0,29.5,8.3,55.2,51.3,20,22,22,18,13,10,28,16,0,0,0.15750808628469107
324,Los Angeles Lakers,2007,0.695,108.6,39.6,27.7,33.2,7.3,55.1,50.7,6,5,6,3,10,17,19,17,0,0,0.11295076242556293
325,New Orleans Hornets,2007,0.683,100.9,38.6,20.8,30.4,5.6,52.6,50.6,8,6,8,29,11,14,27,29,0,0,0.08112014496992638
326,San Antonio Spurs,2007,0.683,95.4,35.8,21.6,31.9,5.3,53.3,50.3,28,9,10,26,15,27,20,30,0,0,0.03985817208446821
327,Houston Rockets,2007,0.671,96.7,36.6,22.5,32.4,4.8,53.5,51.9,14,10,7,27,25,9,18,25,0,0,0.07140292540143789
328,Phoenix Suns,2007,0.671,110.1,41.4,24.1,32.7,5.0,55.6,48.1,9,4,5,13,4,30,29,23,0,0,0.11443973459786988
329,Utah Jazz,2007,0.659,106.2,40.0,28.0,29.4,7.2,55.6,52.1,18,26,26,4,16,13,7,1,0,0,0.0853935325366002
330,Orlando Magic,2007,0.634,104.5,37.3,27.9,32.6,5.6,52.9,50.1,26,1,2,9,27,28,24,18,0,0,0.08877012541183932
331,Dallas Mavericks,2007,0.622,100.4,36.9,25.3,32.2,4.8,53.6,51.4,24,19,19,7,1,21,21,8,0,0,0.009790034589948182
332,Denver Nuggets,2007,0.61,110.7,40.3,30.7,32.9,3.4,52.9,49.4,2,13,11,1,19,15,14,14,0,0,0.021703827430356055
333,Golden State Warriors,2007,0.585,111.0,41.5,24.9,30.4,1.9,49.6,48.1,1,2,1,14,18,5,11,4,0,0,0.007485195303004672
334,Cleveland Cavaliers,2007,0.549,96.4,35.8,25.1,31.3,-0.6,49.0,51.8,15,14,13,21,28,1,16,15,0,0,0.002830707054171377
335,Washington Wizards,2007,0.524,98.8,36.4,24.3,29.3,-0.3,48.8,50.3,16,11,9,12,5,7,22,26,0,0,0.0009113724784009642
336,Portland Trail Blazers,2007,0.5,95.4,35.8,22.5,29.7,-0.8,49.5,49.5,23,15,17,24,14,18,30,22,0,0,0.0021295708322489654
337,Toronto Raptors,2007,0.5,100.2,38.4,20.2,30.4,3.3,51.9,48.9,13,12,14,28,2,26,26,27,0,0,0.011396432206790225
338,Philadelphia 76ers,2007,0.488,96.6,37.3,26.1,28.9,0.5,50.0,51.5,17,30,29,19,30,2,8,24,0,0,0.004852570669640737
339,Sacramento Kings,2007,0.463,102.5,37.1,27.7,30.0,-2.4,48.3,49.3,19,17,20,2,3,24,4,7,0,0,8.43623986667225e-05
340,Atlanta Hawks,2007,0.451,98.2,36.3,27.2,29.9,-1.8,49.8,50.6,21,27,28,5,7,8,9,20,0,0,0.00037630500909336626
341,Indiana Pacers,2007,0.439,104.0,37.8,24.9,32.1,-1.2,48.5,48.7,4,3,3,11,12,19,10,2,0,0,0.0002904036747208147
342,New Jersey Nets,2007,0.415,95.8,34.8,27.3,30.7,-5.4,47.5,50.2,25,18,18,10,20,16,23,6,0,0,0.00012022743391851258
343,Chicago Bulls,2007,0.402,97.3,36.4,24.7,30.2,-3.1,48.0,50.0,5,23,24,15,17,4,2,9,0,0,0.00011551227059474595
344,Charlotte Bobcats,2007,0.39,97.1,36.1,25.8,29.8,-4.5,46.9,48.3,22,16,16,20,29,20,1,10,0,0,0.00012913515442862606
345,Milwaukee Bucks,2007,0.317,97.0,36.9,24.1,28.8,-7.2,45.2,50.6,11,24,23,22,22,3,12,12,0,0,5.016919487186718e-05
346,Los Angeles Clippers,2007,0.28,93.8,34.4,26.6,30.4,-7.5,46.1,48.4,27,28,27,6,6,25,17,13,0,0,6.6390236391674925e-06
347,New York Knicks,2007,0.28,96.9,36.2,25.5,30.0,-6.8,44.0,50.2,10,20,15,16,23,6,6,11,0,0,1.650564039892507e-05
348,Memphis Grizzlies,2007,0.268,100.7,37.3,25.6,31.3,-6.3,45.1,48.9,12,7,4,17,26,22,13,28,0,0,8.465046320680674e-05
349,Minnesota Timberwolves,2007,0.268,95.6,37.5,20.6,29.6,-7.3,43.5,50.1,7,25,25,30,21,11,3,3,0,0,1.1373221001217424e-05
350,Seattle SuperSonics,2007,0.244,97.5,38.1,22.8,32.8,-8.6,45.0,50.2,3,29,30,23,9,12,5,19,0,0,1.1238765827589427e-05
351,Miami Heat,2007,0.183,91.4,34.2,23.2,28.6,-9.4,44.5,47.0,29,21,21,25,24,29,25,21,0,0,1.4357461725285372e-05
352,Cleveland Cavaliers,2008,0.805,100.3,36.9,24.5,31.4,9.6,55.9,51.2,24,3,5,18,21,18,25,20,0,0,0.4648986976080211
353,Los Angeles Lakers,2008,0.793,106.9,40.3,25.5,31.5,7.9,54.7,51.4,4,14,15,10,14,3,16,14,1,0,0.1686628882985119
354,Boston Celtics,2008,0.756,100.9,37.5,25.3,31.5,7.9,56.2,52.4,28,18,21,12,17,20,18,3,0,0,0.16837328443822586
355,Orlando Magic,2008,0.72,101.0,35.7,27.5,33.3,7.1,54.5,50.2,26,1,2,11,30,27,29,21,0,0,0.20310908648880097
356,Denver Nuggets,2008,0.659,104.3,37.3,30.3,30.6,3.4,52.9,50.3,22,15,17,1,20,15,3,5,0,0,0.00947921371898304
357,Portland Trail Blazers,2008,0.659,99.4,36.8,24.2,28.8,6.0,53.1,52.8,23,8,12,20,18,1,28,18,0,0,0.1672153238339874
358,San Antonio Spurs,2008,0.659,97.0,37.1,20.0,32.2,4.2,52.3,50.2,18,6,10,30,19,30,22,29,0,0,0.029121573780152895
359,Houston Rockets,2008,0.646,98.4,36.1,23.2,32.5,4.2,53.0,51.7,21,7,6,15,5,22,7,30,0,0,0.007663940937145375
360,Dallas Mavericks,2008,0.61,101.7,38.1,22.6,31.6,2.0,52.2,50.4,6,12,7,21,2,13,26,27,0,0,0.007902789147883478
361,New Orleans Hornets,2008,0.598,95.8,35.5,22.4,29.9,1.8,51.5,49.6,27,13,14,25,3,28,30,22,0,0,0.004759145373911496
362,Utah Jazz,2008,0.585,103.6,38.3,28.7,29.5,2.7,53.5,50.5,16,26,26,3,13,11,10,8,0,0,0.007742598113547543
363,Atlanta Hawks,2008,0.573,98.1,36.0,25.4,29.4,1.7,50.7,49.0,25,9,8,16,28,21,23,26,0,0,0.00882301414163206
364,Phoenix Suns,2008,0.561,109.4,41.1,27.5,30.7,2.0,52.5,50.3,11,16,19,5,26,16,21,16,0,0,0.03337950349994373
365,Miami Heat,2008,0.524,98.3,37.0,22.8,29.4,0.3,50.5,48.4,15,10,9,27,23,26,27,15,0,0,0.004374400203910641
366,Chicago Bulls,2008,0.5,102.2,38.1,25.0,30.3,-0.3,49.9,49.8,5,22,23,7,7,7,4,13,0,0,0.0004096849710150541
367,Philadelphia 76ers,2008,0.5,97.4,36.5,27.0,28.5,0.2,50.3,50.8,19,29,29,6,25,2,15,24,0,0,0.00239317290303256
368,Detroit Pistons,2008,0.476,94.2,36.4,22.5,29.9,-0.6,49.6,50.8,17,28,28,28,24,9,24,12,0,0,0.0025155783193492424
369,Indiana Pacers,2008,0.439,105.1,39.3,23.0,32.5,-1.0,48.9,49.8,2,4,4,19,4,12,5,4,0,0,0.0005305469477072562
370,Charlotte Bobcats,2008,0.427,93.6,35.0,24.0,28.9,-1.3,49.5,50.4,30,23,22,26,27,19,1,11,0,0,0.0007440149463927804
371,Milwaukee Bucks,2008,0.415,99.3,36.7,25.2,28.9,-1.1,48.5,49.6,8,21,20,9,11,5,20,1,0,0,0.0002772885029271376
372,New Jersey Nets,2008,0.415,98.1,35.7,24.1,29.5,-2.7,47.4,49.3,20,5,3,14,12,23,17,7,0,0,0.0001283119715282926
373,Toronto Raptors,2008,0.402,99.0,37.2,22.7,30.6,-3.0,49.2,49.3,13,24,24,17,1,29,19,28,0,0,0.00016996915907505203
374,New York Knicks,2008,0.39,105.2,38.5,23.2,31.0,-2.5,46.7,48.0,1,2,1,23,10,14,8,19,0,0,0.0002817773159239467
375,Golden State Warriors,2008,0.354,108.6,39.4,29.2,30.4,-3.7,47.8,47.3,3,17,18,2,8,10,12,6,0,0,0.00016339253725489934
376,Memphis Grizzlies,2008,0.293,93.9,34.9,25.3,28.5,-6.0,45.7,49.5,29,25,27,13,22,24,6,10,0,0,2.0173439647594824e-05
377,Minnesota Timberwolves,2008,0.293,97.8,36.4,23.9,29.8,-5.0,45.3,51.1,7,19,13,22,15,6,2,9,0,0,3.159069525200514e-05
378,Oklahoma City Thunder,2008,0.28,97.0,36.6,25.2,30.5,-6.2,46.4,50.8,9,30,30,8,9,4,13,23,0,0,2.8790050825150136e-05
379,Los Angeles Clippers,2008,0.232,95.1,36.0,22.4,29.0,-9.2,44.1,47.9,10,20,16,29,29,17,14,25,0,0,1.6926044990642417e-05
380,Washington Wizards,2008,0.232,96.1,36.5,23.8,28.4,-8.1,44.8,49.5,14,27,25,24,16,8,9,17,0,0,1.923498246780907e-05
381,Sacramento Kings,2008,0.207,100.6,36.5,25.7,28.9,-9.0,44.0,47.7,12,11,11,4,6,25,11,2,0,0,1.7830349683945184e-06
382,Cleveland Cavaliers,2009,0.744,102.1,37.8,26.6,32.8,6.8,55.2,51.9,28,8,8,12,30,27,28,27,0,0,0.33302178907918606
383,Orlando Magic,2009,0.72,102.8,36.6,26.5,33.4,7.9,55.1,51.2,27,1,1,10,29,25,30,23,0,0,0.3412749569068459
384,Los Angeles Lakers,2009,0.695,101.7,38.3,24.2,32.5,4.9,52.9,51.2,7,13,10,17,12,3,21,28,1,0,0.04358080344004674
385,Dallas Mavericks,2009,0.671,102.0,38.3,22.8,31.5,2.8,53.4,49.3,14,10,13,16,1,23,26,30,0,0,0.014315194269347537
386,Phoenix Suns,2009,0.659,110.2,40.7,25.8,31.9,4.8,53.6,50.3,13,3,6,5,11,14,18,12,0,0,0.057115102482557384
387,Atlanta Hawks,2009,0.646,101.7,38.8,23.3,29.9,4.9,52.3,50.2,12,14,15,20,15,5,22,24,0,0,0.05102319073178926
388,Denver Nuggets,2009,0.646,106.5,38.1,30.6,30.5,4.4,52.4,49.8,17,12,12,1,9,17,7,3,0,0,0.0077638670394734365
389,Utah Jazz,2009,0.646,104.2,39.4,27.2,31.6,5.7,55.0,52.0,23,23,25,3,23,20,5,2,0,0,0.04258709636490356
390,Boston Celtics,2009,0.61,99.2,37.1,25.5,29.9,3.7,54.0,49.3,30,16,16,14,21,30,16,9,0,0,0.018068486203318062
391,Oklahoma City Thunder,2009,0.61,101.5,37.4,27.0,31.8,3.5,53.2,51.1,20,25,23,2,2,9,17,11,0,0,0.00577483808349777
392,Portland Trail Blazers,2009,0.61,98.1,36.3,24.8,29.1,3.5,52.5,51.0,26,17,19,9,3,15,27,13,0,0,0.007519084435387752
393,San Antonio Spurs,2009,0.61,101.4,38.4,24.0,32.0,5.4,53.2,51.5,18,11,11,19,24,18,9,18,0,0,0.05091816540303508
394,Miami Heat,2009,0.573,96.5,36.4,23.5,31.1,2.4,52.2,50.0,25,18,17,21,19,19,25,14,0,0,0.011298548119274767
395,Milwaukee Bucks,2009,0.561,97.7,37.2,20.4,31.2,2.1,49.5,50.1,2,5,5,30,17,6,10,6,0,0,0.002541318343457239
396,Charlotte Bobcats,2009,0.537,95.3,34.9,26.6,30.4,1.9,51.8,51.0,29,22,22,4,20,21,2,26,0,0,0.0015612655457575664
397,Houston Rockets,2009,0.512,102.4,37.7,24.7,30.1,0.0,48.9,49.8,3,6,4,15,10,7,1,15,0,0,0.0005621717633645473
398,Chicago Bulls,2009,0.5,97.5,37.6,23.9,33.1,-1.6,50.0,50.9,10,29,29,18,18,12,8,20,0,0,0.0007321581160230469
399,Memphis Grizzlies,2009,0.488,102.5,39.3,26.9,30.4,-1.5,48.6,52.3,8,30,30,7,25,1,3,19,0,0,0.000872934247612697
400,Toronto Raptors,2009,0.488,104.1,39.0,25.8,30.6,-2.0,48.9,49.5,19,15,18,8,13,26,23,7,0,0,0.0007015480594385078
401,New Orleans Hornets,2009,0.451,100.2,38.8,20.3,29.9,-2.4,48.4,48.6,9,9,9,29,7,22,19,25,0,0,0.0006234314171925697
402,Indiana Pacers,2009,0.39,100.8,36.8,24.6,31.9,-3.0,47.6,47.3,11,4,3,13,8,28,13,4,0,0,7.303400370569854e-05
403,Los Angeles Clippers,2009,0.354,95.7,36.6,22.8,30.5,-6.8,46.5,50.0,21,19,14,28,26,13,24,29,0,0,0.00025603154991147236
404,New York Knicks,2009,0.354,102.1,38.1,21.5,30.2,-4.0,47.4,47.6,6,2,2,26,4,24,20,21,0,0,0.00019651174186454282
405,Detroit Pistons,2009,0.329,94.0,35.9,24.4,27.3,-5.9,44.8,51.0,22,27,26,22,27,2,15,8,0,0,7.752891736162062e-05
406,Philadelphia 76ers,2009,0.329,97.7,37.6,22.0,29.5,-4.1,47.8,49.8,15,21,21,27,16,11,29,17,0,0,0.0006195680505638377
407,Golden State Warriors,2009,0.317,108.8,40.6,25.4,29.2,-3.3,47.0,45.3,1,7,7,6,5,29,14,1,0,0,6.137309481162682e-05
408,Washington Wizards,2009,0.317,96.2,36.7,23.1,30.0,-5.3,46.2,50.1,16,24,24,23,14,8,11,10,0,0,7.085011112982976e-05
409,Sacramento Kings,2009,0.305,100.0,38.3,24.0,30.7,-4.7,46.7,50.4,5,20,20,25,28,4,4,5,0,0,0.0002259235844353649
410,Minnesota Timberwolves,2009,0.183,98.2,37.9,23.5,31.2,-9.8,43.2,50.1,4,26,28,24,22,10,6,16,0,0,9.05473057902376e-06
411,New Jersey Nets,2009,0.146,92.4,34.3,24.6,28.8,-9.6,42.9,47.8,24,28,27,11,6,16,12,22,0,0,1.2705032066224372e-06
412,Chicago Bulls,2010,0.756,98.6,37.1,24.5,32.4,7.8,55.5,52.8,22,15,17,14,26,6,5,20,0,0,0.17445955124098492
413,San Antonio Spurs,2010,0.744,103.7,38.4,24.2,31.7,6.1,53.8,50.0,16,4,7,11,14,23,16,28,0,0,0.0521560566675574
414,Miami Heat,2010,0.707,102.1,37.0,27.9,32.5,7.8,55.6,51.4,29,11,15,3,12,26,30,17,0,0,0.16189540658463933
415,Dallas Mavericks,2010,0.695,100.2,37.4,22.6,31.9,4.4,53.8,50.4,24,8,5,24,8,28,29,27,1,0,0.04696187417428573
416,Los Angeles Lakers,2010,0.695,101.5,38.1,24.1,31.9,6.3,54.1,51.3,11,12,14,10,6,4,20,29,0,0,0.058605599302289264
417,Boston Celtics,2010,0.683,96.5,36.9,23.1,31.0,5.7,55.8,49.7,30,26,28,20,10,30,21,15,0,0,0.04361551656107326
418,Oklahoma City Thunder,2010,0.671,104.8,37.4,29.3,31.8,3.9,52.9,50.7,17,18,19,1,1,15,23,3,0,0,0.007944057627699397
419,Orlando Magic,2010,0.634,99.2,36.0,25.6,32.7,5.6,53.4,51.8,26,1,1,21,30,17,28,21,0,0,0.18597978454912856
420,Denver Nuggets,2010,0.61,107.5,38.4,29.6,32.3,4.9,52.4,50.6,18,7,8,2,15,27,2,12,0,0,0.01095341479816517
421,Portland Trail Blazers,2010,0.585,96.3,36.0,22.4,27.2,1.6,51.6,49.9,19,13,12,18,3,5,27,26,0,0,0.004553226965021116
422,Memphis Grizzlies,2010,0.561,99.9,39.0,24.2,29.2,2.5,51.8,50.5,8,30,30,17,23,7,1,14,0,0,0.004946813613441502
423,New Orleans Hornets,2010,0.561,94.9,35.9,23.1,30.1,1.0,50.7,50.3,27,22,25,22,16,24,14,13,0,0,0.0019521893491026288
424,Atlanta Hawks,2010,0.537,95.0,36.2,21.1,30.0,-0.7,49.3,49.4,25,17,16,29,7,29,26,30,0,0,0.0011535625773614066
425,Houston Rockets,2010,0.524,105.9,38.7,25.4,31.1,2.3,51.5,50.1,3,6,4,5,4,8,9,22,0,0,0.0028591366174743342
426,New York Knicks,2010,0.512,106.5,38.3,25.5,30.1,1.0,50.4,47.3,6,2,2,4,2,21,22,10,0,0,0.0009929309254533456
427,Philadelphia 76ers,2010,0.5,99.0,38.1,22.6,31.4,1.5,51.0,49.7,10,23,24,25,11,19,17,25,0,0,0.0040078651020984376
428,Phoenix Suns,2010,0.488,105.0,39.3,23.6,30.2,-0.8,49.4,48.0,7,3,3,19,18,25,24,18,0,0,0.002296774222222404
429,Utah Jazz,2010,0.476,99.4,37.4,25.1,28.5,-1.8,50.0,49.6,20,24,22,6,9,16,11,1,0,0,0.0002086916964255761
430,Indiana Pacers,2010,0.451,99.8,36.6,24.8,32.4,-0.9,49.2,50.1,9,10,9,7,5,13,6,9,0,0,0.0001770156310055921
431,Golden State Warriors,2010,0.439,103.4,39.6,20.7,28.9,-2.3,47.2,47.6,1,5,6,30,17,10,25,5,0,0,0.0009524896241016444
432,Milwaukee Bucks,2010,0.427,91.9,34.3,22.9,30.2,-0.8,48.8,49.2,23,19,18,26,20,18,15,16,0,0,0.0005506939941036137
433,Charlotte Bobcats,2010,0.415,93.3,35.0,24.4,29.8,-4.2,48.0,50.2,28,27,26,13,21,22,3,23,0,0,6.943595315832886e-05
434,Los Angeles Clippers,2010,0.39,98.6,36.8,26.7,30.5,-3.2,48.3,51.1,21,14,11,8,29,11,13,11,0,0,0.0004549497512831976
435,Detroit Pistons,2010,0.366,97.0,37.3,22.6,27.3,-3.7,46.4,49.1,13,20,23,28,27,12,18,24,0,0,0.0004571526027540712
436,New Jersey Nets,2010,0.293,94.2,35.6,22.9,29.8,-6.8,45.2,49.7,15,21,20,27,19,14,19,6,0,0,3.458627202186564e-05
437,Sacramento Kings,2010,0.293,99.4,38.2,24.2,30.8,-5.5,46.2,51.2,4,25,21,23,28,2,7,7,0,0,0.00012609856673784749
438,Washington Wizards,2010,0.28,97.3,37.2,24.4,29.0,-7.8,44.5,48.8,5,28,27,15,24,3,12,2,0,0,1.2634422131216262e-05
439,Toronto Raptors,2010,0.268,99.1,38.3,24.1,28.6,-6.5,45.9,49.5,12,29,29,16,22,9,8,8,0,0,4.221478584660263e-05
440,Cleveland Cavaliers,2010,0.232,95.5,35.2,25.3,29.9,-9.5,44.1,48.5,14,16,13,9,25,20,4,19,0,0,2.9898620787331267e-06
441,Minnesota Timberwolves,2010,0.207,101.1,37.7,24.1,31.2,-6.7,44.3,51.2,2,9,10,12,13,1,10,4,0,0,2.0678645070128557e-05
442,Chicago Bulls,2011,0.758,96.3,37.4,21.1,32.8,8.8,56.1,53.6,7,17,18,27,27,1,11,28,0,0,0.3483883679168803
443,San Antonio Spurs,2011,0.758,103.7,39.6,21.6,32.6,7.7,54.6,50.7,8,2,7,18,19,25,14,29,0,0,0.13929823147367848
444,Oklahoma City Thunder,2011,0.712,103.1,37.3,26.4,32.7,6.3,54.2,50.9,25,9,12,1,1,19,17,8,0,0,0.020678377788002605
445,Miami Heat,2011,0.697,98.5,37.1,24.2,31.2,6.4,55.3,50.4,26,20,23,6,7,24,28,17,1,0,0.03784812199563466
446,Indiana Pacers,2011,0.636,97.7,35.7,26.1,31.4,3.3,52.1,51.1,16,19,22,2,3,6,4,3,0,0,0.0011906976463192747
447,Los Angeles Lakers,2011,0.621,97.3,36.8,24.1,34.1,1.3,52.4,53.2,21,21,19,8,16,8,22,30,0,0,0.007471667593118559
448,Memphis Grizzlies,2011,0.621,95.0,36.7,22.8,29.5,2.2,51.4,50.8,12,27,28,10,13,5,9,12,0,0,0.001211610794422444
449,Atlanta Hawks,2011,0.606,96.6,36.8,21.0,31.3,3.8,52.6,49.3,19,7,10,23,23,28,21,25,0,0,0.017710788448033594
450,Los Angeles Clippers,2011,0.606,97.5,37.0,23.3,29.4,2.7,51.7,50.7,17,4,5,21,29,9,24,6,0,0,0.020925249623848615
451,Boston Celtics,2011,0.591,91.8,35.5,19.8,31.1,2.6,53.5,47.8,30,22,24,24,5,30,23,13,0,0,0.003386002429434445
452,Denver Nuggets,2011,0.576,104.1,39.0,26.7,31.9,3.2,52.7,51.5,15,15,13,3,25,16,1,14,0,0,0.008148493531796471
453,Orlando Magic,2011,0.561,94.2,34.5,22.8,31.2,0.6,49.3,51.0,27,1,1,28,30,17,29,26,0,0,0.00873104266042297
454,Dallas Mavericks,2011,0.545,95.8,36.3,20.2,32.7,1.1,51.0,49.3,14,8,4,22,9,27,30,23,0,0,0.0018807484530875714
455,New York Knicks,2011,0.545,97.8,35.8,24.8,30.5,3.2,52.0,50.3,20,5,2,7,22,15,13,7,0,0,0.0038964219754605706
456,Utah Jazz,2011,0.545,99.7,38.2,25.3,31.1,0.5,50.9,51.9,4,28,29,5,17,3,6,2,0,0,0.0007929367284085514
457,Philadelphia 76ers,2011,0.53,93.6,37.4,18.2,32.5,4.6,53.2,49.5,5,24,25,30,21,22,19,27,0,0,0.013458876747748587
458,Houston Rockets,2011,0.515,98.1,37.7,19.7,30.5,0.2,49.7,49.9,3,10,11,25,4,12,12,9,0,0,0.000597589906681364
459,Phoenix Suns,2011,0.5,98.4,37.8,21.2,30.8,-0.1,50.2,49.3,9,13,15,19,14,21,27,22,0,0,0.0017095370355383103
460,Milwaukee Bucks,2011,0.47,99.0,37.9,21.4,30.0,0.4,50.3,49.0,2,16,17,14,8,7,25,18,0,0,0.0011637694214570958
461,Portland Trail Blazers,2011,0.424,97.2,36.4,21.6,29.5,-0.9,49.4,49.3,13,11,8,11,2,18,20,20,0,0,0.00021384174727371991
462,Minnesota Timberwolves,2011,0.394,97.9,35.7,25.2,31.7,-2.2,48.3,50.2,11,12,6,4,10,10,7,24,0,0,9.286403483452449e-05
463,Detroit Pistons,2011,0.379,90.9,34.7,22.1,28.5,-5.0,44.8,50.0,24,26,26,15,18,13,10,15,0,0,1.4962705785780238e-05
464,Golden State Warriors,2011,0.348,97.8,37.7,18.7,29.5,-3.4,47.2,46.0,10,3,9,29,11,29,15,4,0,0,0.00010196081991974373
465,Toronto Raptors,2011,0.348,90.7,34.4,21.4,31.4,-3.9,47.8,50.3,28,23,20,17,12,23,18,1,0,0,3.925799696238934e-05
466,New Jersey Nets,2011,0.333,93.1,34.3,21.7,28.5,-6.3,44.8,48.9,22,6,3,13,6,11,16,19,0,0,9.810036625223341e-06
467,Sacramento Kings,2011,0.333,98.8,37.7,23.2,29.5,-5.8,45.1,48.7,1,18,14,12,24,2,2,16,0,0,2.0904730524594076e-05
468,Cleveland Cavaliers,2011,0.318,93.0,34.3,24.9,29.5,-7.6,43.9,49.6,18,14,16,9,28,4,3,11,0,0,7.83452679648897e-06
469,New Orleans Hornets,2011,0.318,89.6,34.8,21.2,30.2,-4.0,48.2,50.6,29,30,30,20,15,20,5,10,0,0,4.684283364602802e-05
470,Washington Wizards,2011,0.303,93.6,36.6,21.0,29.9,-5.0,46.0,48.9,6,25,21,26,26,14,26,5,0,0,6.525975598481028e-05
471,Charlotte Bobcats,2011,0.106,87.0,33.2,22.2,28.7,-15.0,41.1,47.4,23,29,27,16,20,26,8,21,0,0,7.65069013080594e-08
472,Miami Heat,2012,0.805,102.9,38.4,23.0,30.4,8.2,56.4,48.5,30,3,6,12,16,28,30,23,1,0,0.31334849929356157
473,Oklahoma City Thunder,2012,0.732,105.7,38.1,26.8,33.2,9.9,57.0,51.3,29,13,16,1,1,25,29,14,0,0,0.2702932446425083
474,San Antonio Spurs,2012,0.707,103.0,39.1,21.0,33.2,6.7,55.1,49.3,19,7,7,15,3,29,15,30,0,0,0.04571932113253256
475,Denver Nuggets,2012,0.695,106.1,40.7,26.2,31.7,5.1,53.8,51.3,2,20,19,6,28,1,2,10,0,0,0.03735739036162856
476,Los Angeles Clippers,2012,0.683,101.1,38.5,23.0,30.2,6.9,54.8,51.2,24,10,9,17,27,15,26,6,0,0,0.1898859548026984
477,Memphis Grizzlies,2012,0.683,93.4,36.1,21.3,29.8,4.5,53.1,52.0,17,30,30,16,9,3,12,15,0,0,0.005404283281830851
478,New York Knicks,2012,0.659,100.0,36.5,21.1,29.7,4.5,51.2,49.4,15,1,1,21,13,18,28,16,0,0,0.011803396950538924
479,Brooklyn Nets,2012,0.598,96.9,35.9,23.9,30.0,2.0,50.9,52.0,27,9,8,9,24,5,17,27,0,0,0.007196664105268015
480,Indiana Pacers,2012,0.605,94.7,35.1,23.6,33.0,4.4,53.7,52.2,25,16,15,7,19,4,11,17,0,0,0.011198243587593385
481,Golden State Warriors,2012,0.573,101.2,38.2,21.3,34.2,0.9,50.2,50.6,9,8,13,13,4,21,16,2,0,0,0.0007906512326245605
482,Chicago Bulls,2012,0.549,93.2,35.7,21.2,30.7,0.5,51.4,51.4,13,29,29,18,10,6,9,19,0,0,0.0007692497129270237
483,Houston Rockets,2012,0.549,106.0,38.1,25.5,32.3,3.5,51.0,50.9,10,2,2,3,17,17,5,13,0,0,0.0035914362946377443
484,Los Angeles Lakers,2012,0.549,102.2,37.1,27.9,33.3,1.1,51.3,51.0,21,4,3,2,30,13,18,29,0,0,0.010636964728055245
485,Atlanta Hawks,2012,0.537,98.0,37.6,19.7,31.6,0.3,50.9,48.2,22,5,4,28,26,27,25,28,0,0,0.007578709608003208
486,Utah Jazz,2012,0.524,98.0,37.1,23.0,30.0,-0.2,50.4,51.0,12,23,28,10,12,8,7,3,0,0,0.00047130674976186365
487,Boston Celtics,2012,0.506,96.5,37.0,21.0,31.3,-0.5,50.7,47.7,28,25,26,19,6,30,20,4,0,0,0.0004903238279610719
488,Dallas Mavericks,2012,0.5,101.1,38.8,20.4,32.6,-0.6,50.2,48.4,8,11,14,20,2,26,27,8,0,0,0.0008036263652988361
489,Milwaukee Bucks,2012,0.463,98.9,38.1,20.7,30.9,-1.7,48.8,49.1,1,14,11,26,22,2,22,21,0,0,0.001376388032809754
490,Philadelphia 76ers,2012,0.415,93.2,37.3,16.8,30.4,-3.7,47.4,48.9,7,21,25,30,25,19,19,25,0,0,0.00019413640579091202
491,Toronto Raptors,2012,0.415,97.2,36.3,22.3,29.6,-1.4,48.4,49.0,18,15,12,8,5,24,21,1,0,0,7.658005590454017e-05
492,Portland Trail Blazers,2012,0.402,97.5,36.7,20.5,30.2,-3.4,46.8,49.5,11,6,5,22,7,23,23,24,0,0,0.00011726241989566601
493,Minnesota Timberwolves,2012,0.378,95.7,35.9,24.9,30.2,-2.2,49.4,50.0,14,28,21,5,21,11,8,26,0,0,0.00015110051412272135
494,Detroit Pistons,2012,0.354,94.9,36.3,22.8,30.0,-4.5,46.7,50.6,23,22,24,23,29,9,10,18,0,0,0.0002451686088437309
495,Washington Wizards,2012,0.354,93.2,35.5,21.3,32.3,-2.3,48.1,49.1,16,18,20,24,23,22,24,11,0,0,0.00031773915208955833
496,Sacramento Kings,2012,0.341,100.2,37.6,22.8,29.1,-4.7,45.4,48.5,4,12,10,11,11,14,4,7,0,0,1.3644820652490526e-05
497,New Orleans Hornets,2012,0.329,94.1,36.0,20.0,29.6,-4.4,46.4,51.4,26,19,22,25,8,10,6,12,0,0,6.678509583642483e-05
498,Phoenix Suns,2012,0.305,95.2,37.3,19.7,29.9,-6.7,45.8,49.1,3,26,23,27,20,12,14,9,0,0,2.217626534982391e-05
499,Cleveland Cavaliers,2012,0.293,96.5,36.5,22.3,28.8,-5.0,45.0,50.0,5,17,17,14,14,7,3,5,0,0,1.1631734956121601e-05
500,Charlotte Bobcats,2012,0.256,93.4,34.4,25.1,29.1,-9.9,43.8,48.6,20,27,27,4,18,16,1,22,0,0,1.081980985420406e-06
501,Orlando Magic,2012,0.244,94.1,37.7,16.6,31.9,-7.4,45.9,49.8,6,24,18,29,15,20,13,20,0,0,1.3226296072203812e-05
502,San Antonio Spurs,2013,0.756,105.4,40.6,20.0,34.0,8.1,55.5,50.3,12,12,16,27,4,26,16,29,1,0,0.2040153809108609
503,Oklahoma City Thunder,2013,0.72,106.2,39.0,25.0,33.9,6.4,54.3,51.8,14,14,14,5,2,18,26,3,0,0,0.03258951190616512
504,Los Angeles Clippers,2013,0.695,107.9,39.1,29.1,32.5,7.3,54.8,49.6,16,13,8,3,26,21,27,11,0,0,0.1561984791106412
505,Indiana Pacers,2013,0.683,96.7,36.0,23.3,34.5,4.7,54.5,51.7,27,22,25,12,7,22,17,16,0,0,0.013052810061700757
506,Houston Rockets,2013,0.659,107.7,38.0,31.1,34.1,4.6,53.4,51.3,26,1,1,1,28,15,4,17,0,0,0.06486581761001287
507,Miami Heat,2013,0.659,102.2,38.3,23.0,29.2,5.1,53.9,47.6,30,15,15,15,14,30,30,23,0,0,0.04635451039388933
508,Portland Trail Blazers,2013,0.659,106.7,39.1,23.5,34.0,4.2,52.4,51.7,3,2,3,7,1,2,25,24,0,0,0.020542118431740555
509,Golden State Warriors,2013,0.622,104.3,39.5,21.1,34.4,4.9,52.8,50.8,6,3,6,25,18,17,21,9,0,0,0.05224783764626975
510,Memphis Grizzlies,2013,0.61,96.1,38.1,20.3,30.8,1.7,51.8,52.1,22,30,30,30,23,9,11,26,0,0,0.012753541915227838
511,Dallas Mavericks,2013,0.598,104.8,39.6,21.1,30.7,2.3,52.1,48.7,11,8,12,20,3,23,28,20,0,0,0.010302109966871802
512,Chicago Bulls,2013,0.585,93.7,34.7,23.3,32.7,1.9,52.8,51.8,28,26,28,13,8,11,3,27,0,0,0.0021660970518118995
513,Phoenix Suns,2013,0.585,105.2,38.7,24.4,31.7,2.6,50.9,50.0,13,6,4,9,16,14,23,8,0,0,0.006555371493527381
514,Toronto Raptors,2013,0.585,101.3,36.5,25.1,31.1,3.3,51.2,50.5,23,9,10,6,5,12,19,1,0,0,0.00308551017646182
515,Brooklyn Nets,2013,0.537,98.5,35.7,24.4,29.4,-1.3,49.2,47.5,29,10,11,10,19,28,22,10,0,0,0.00047299433771693256
516,Washington Wizards,2013,0.537,100.7,38.7,20.9,31.4,1.3,50.4,49.8,9,16,19,29,25,19,24,18,0,0,0.009248789482103784
517,Charlotte Bobcats,2013,0.524,96.9,36.3,24.4,33.2,-0.4,50.8,50.0,21,25,27,14,24,25,10,30,0,0,0.0013466071219310983
518,Minnesota Timberwolves,2013,0.488,106.9,38.9,28.1,32.2,2.6,51.9,50.8,1,17,17,2,9,3,5,28,0,0,0.0049846370704213746
519,Atlanta Hawks,2013,0.463,101.0,37.3,21.7,31.3,-0.7,50.2,48.5,24,4,2,17,6,29,20,25,0,0,0.0010297502159171458
520,New York Knicks,2013,0.451,98.6,36.9,20.4,29.7,-1.1,49.0,49.2,19,7,5,28,13,20,29,7,0,0,0.0011923029780531915
521,Denver Nuggets,2013,0.439,104.4,38.4,26.3,33.1,-2.2,48.1,50.5,5,11,9,8,27,4,6,2,0,0,0.00045673965892331457
522,New Orleans Pelicans,2013,0.415,99.7,37.8,23.6,30.3,-3.0,48.3,49.7,17,29,29,11,11,13,2,4,0,0,8.04941259660385e-05
523,Cleveland Cavaliers,2013,0.402,98.2,37.0,22.7,32.1,-3.6,46.9,50.8,8,18,20,18,20,5,7,21,0,0,0.00016897975967540882
524,Detroit Pistons,2013,0.354,101.0,38.8,25.7,30.8,-3.7,46.4,51.1,4,27,22,16,30,1,13,19,0,0,0.00033794258517641344
525,Sacramento Kings,2013,0.341,100.5,36.9,27.3,32.4,-2.7,47.3,51.8,18,28,26,4,15,6,8,5,0,0,0.00012147532207329677
526,Los Angeles Lakers,2013,0.329,103.0,38.3,22.4,32.0,-6.0,46.0,45.9,7,5,7,19,17,27,15,22,0,0,5.9636248160708836e-05
527,Boston Celtics,2013,0.305,96.2,36.5,20.8,30.5,-4.6,46.1,50.5,10,19,18,24,10,7,18,12,0,0,6.566006215731844e-05
528,Utah Jazz,2013,0.305,95.0,36.0,22.0,30.2,-7.6,45.1,49.7,25,24,23,23,21,16,14,14,0,0,2.6354429541587207e-05
529,Orlando Magic,2013,0.28,96.5,36.9,20.9,32.4,-5.7,46.6,49.0,15,21,21,26,12,24,9,15,0,0,3.66264348603621e-05
530,Philadelphia 76ers,2013,0.232,99.5,37.9,23.4,31.2,-10.0,42.6,47.9,2,20,13,22,29,10,1,6,0,0,3.4149071204060224e-06
531,Milwaukee Bucks,2013,0.183,95.5,36.0,22.5,29.3,-8.3,44.9,49.0,20,23,24,21,22,8,12,13,0,0,2.033338944475797e-05
532,Golden State Warriors,2014,0.817,110.0,41.6,20.8,34.3,9.9,56.9,49.8,3,2,4,23,9,21,28,18,1,1,0.5835910185470778
533,Atlanta Hawks,2014,0.732,102.5,38.1,21.2,31.8,5.9,54.0,48.7,27,5,7,19,5,30,13,30,0,0,0.03388326274191737
534,Houston Rockets,2014,0.683,103.9,37.0,26.0,32.0,3.4,50.9,49.6,12,1,1,5,27,6,9,4,0,0,0.005838030576415937
535,Los Angeles Clippers,2014,0.683,106.7,39.4,25.2,33.1,6.9,54.0,49.7,13,3,5,7,28,28,30,7,0,0,0.11308213141672596
536,Memphis Grizzlies,2014,0.671,98.3,37.8,22.8,32.1,3.5,53.0,50.3,23,29,29,10,7,22,11,22,0,0,0.003673410948853941
537,San Antonio Spurs,2014,0.671,103.2,39.1,21.4,33.8,6.3,54.5,50.7,11,12,15,16,4,27,22,23,0,0,0.038302311617377786
538,Cleveland Cavaliers,2014,0.646,103.1,37.7,23.6,31.9,4.8,51.4,51.3,24,4,2,9,17,11,20,26,0,0,0.023741125493388342
539,Portland Trail Blazers,2014,0.622,102.8,38.7,19.4,35.1,4.3,52.2,51.0,5,6,3,27,1,15,29,27,0,0,0.021986066626282257
540,Chicago Bulls,2014,0.61,100.8,36.6,25.2,34.0,3.0,52.9,51.6,18,15,16,3,3,7,6,28,0,0,0.004065565636309343
541,Dallas Mavericks,2014,0.61,105.2,39.7,22.5,31.8,3.2,52.1,47.7,6,7,8,15,16,19,27,16,0,0,0.014421786760033757
542,Toronto Raptors,2014,0.598,104.0,37.9,24.6,30.8,3.1,50.6,49.4,14,8,9,4,2,16,12,12,0,0,0.001497810399950615
543,Washington Wizards,2014,0.561,98.5,38.3,21.4,34.2,0.6,52.5,51.4,20,26,27,25,21,20,24,14,0,0,0.010298276302004021
544,New Orleans Pelicans,2014,0.549,99.4,37.9,21.8,32.0,0.8,50.8,51.1,19,19,23,20,18,10,3,25,0,0,0.003451297046222534
545,Oklahoma City Thunder,2014,0.549,104.0,38.8,24.6,34.7,2.1,50.5,52.4,4,16,14,6,14,1,19,2,0,0,0.003094395892907608
546,Milwaukee Bucks,2014,0.5,97.8,37.6,21.1,31.4,0.6,51.1,49.1,25,23,26,24,12,17,14,3,0,0,0.0021318662470783544
547,Boston Celtics,2014,0.488,101.4,38.9,20.5,32.7,0.3,49.8,49.5,1,13,13,28,15,12,10,9,0,0,0.0015436531172496471
548,Phoenix Suns,2014,0.476,102.4,38.8,21.5,32.2,-1.1,49.1,48.9,7,10,10,21,11,13,26,8,0,0,0.001164546525376663
549,Brooklyn Nets,2014,0.463,98.0,37.4,22.2,32.0,-3.0,48.0,49.1,17,24,20,18,19,24,21,19,0,0,0.00021746924564767673
550,Indiana Pacers,2014,0.463,97.3,36.6,22.2,34.4,0.2,50.5,51.1,15,17,18,17,13,23,17,10,0,0,0.0008699149863336767
551,Utah Jazz,2014,0.463,95.1,35.4,23.5,31.9,0.1,50.7,52.4,29,18,17,13,26,4,18,20,0,0,0.0036372997685509396
552,Miami Heat,2014,0.451,94.7,35.2,23.7,30.0,-3.0,49.2,48.9,30,20,19,11,22,29,23,17,0,0,0.00023189207519448793
553,Charlotte Hornets,2014,0.402,94.2,35.5,22.8,34.1,-3.4,48.2,50.2,10,27,24,14,20,25,7,29,0,0,5.547401426786535e-05
554,Detroit Pistons,2014,0.39,98.5,37.1,22.4,32.1,-1.1,47.8,50.5,8,9,11,26,29,2,15,24,0,0,0.002177712558393671
555,Denver Nuggets,2014,0.366,101.5,37.8,24.3,32.4,-3.3,46.5,49.4,2,14,12,8,24,3,2,1,0,0,6.477641635657798e-05
556,Sacramento Kings,2014,0.354,101.3,36.7,29.3,33.3,-3.7,48.5,51.9,28,28,28,1,10,14,1,15,0,0,0.00012964459121858564
557,Orlando Magic,2014,0.305,95.7,37.5,19.1,31.8,-5.9,45.5,49.1,21,21,22,30,25,26,8,13,0,0,4.863395665396595e-05
558,Los Angeles Lakers,2014,0.256,98.5,37.2,23.6,32.3,-7.1,45.0,49.7,9,25,25,12,23,8,16,11,0,0,2.2972171391587883e-05
559,Philadelphia 76ers,2014,0.22,92.0,33.7,23.8,30.9,-9.0,42.6,48.0,22,11,6,22,30,5,4,5,0,0,4.606511439513894e-06
560,New York Knicks,2014,0.207,91.9,35.1,19.2,29.8,-10.1,44.1,48.4,26,22,21,29,8,18,25,6,0,0,4.729060303771616e-06
561,Minnesota Timberwolves,2014,0.195,97.8,36.4,25.7,29.3,-9.1,45.3,48.9,16,30,30,2,6,9,5,21,0,0,3.0502568053495973e-06
562,Golden State Warriors,2015,0.89,114.9,42.5,21.8,36.2,10.6,56.7,50.7,3,1,1,22,16,20,27,11,0,1,0.7607231743138301
563,San Antonio Spurs,2015,0.817,103.5,40.1,20.4,34.5,11.1,57.8,51.6,24,25,25,25,2,25,29,30,0,1,0.6426570541376109
564,Cleveland Cavaliers,2015,0.695,104.3,38.7,21.7,33.9,6.3,52.8,51.9,19,2,3,26,21,12,23,17,1,0,0.17694199944288988
565,Toronto Raptors,2015,0.683,102.7,36.7,26.7,33.2,4.4,52.5,52.0,28,13,19,2,12,19,11,22,0,0,0.011978435999346341
566,Oklahoma City Thunder,2015,0.671,110.2,41.1,25.2,35.6,7.4,54.6,54.1,5,17,17,4,10,1,20,15,0,0,0.15614212120550366
567,LA Clippers,2015,0.646,104.5,38.3,26.2,33.3,4.5,53.3,47.2,25,8,9,11,29,29,30,7,0,0,0.05514589508689435
568,Atlanta Hawks,2015,0.585,102.8,38.6,20.0,33.8,3.9,52.8,47.4,15,6,7,29,8,30,17,24,0,0,0.016323079812315924
569,Boston Celtics,2015,0.585,105.7,39.2,23.5,33.3,3.3,52.0,49.5,1,12,11,8,6,3,7,2,0,0,0.0029030407361009024
570,Charlotte Hornets,2015,0.585,103.4,37.0,23.7,35.0,2.7,51.1,49.9,16,4,4,7,5,28,8,28,0,0,0.0015846458169881028
571,Miami Heat,2015,0.585,100.0,38.4,23.0,34.3,1.7,52.5,51.2,27,27,28,18,23,22,28,27,0,0,0.022843857973479917
572,Indiana Pacers,2015,0.549,102.2,38.3,22.8,33.9,1.6,51.8,49.4,13,18,20,14,15,17,21,20,0,0,0.005451138206837865
573,Detroit Pistons,2015,0.537,102.0,37.9,25.5,33.9,0.3,48.6,52.1,6,10,10,19,30,2,22,25,0,0,0.00764200061047005
574,Portland Trail Blazers,2015,0.537,105.1,38.6,23.0,33.9,0.8,49.3,51.0,8,5,6,15,19,4,13,4,0,0,0.0027542940101795703
575,Chicago Bulls,2015,0.512,101.6,38.6,21.0,35.2,-1.4,49.4,50.6,2,21,24,23,7,9,2,26,0,0,0.0005536140573061777
576,Dallas Mavericks,2015,0.512,102.3,37.4,22.3,33.9,-0.4,50.3,48.4,18,7,5,12,3,26,24,23,0,0,0.0008437629288650215
577,Memphis Grizzlies,2015,0.512,99.1,36.8,24.7,30.5,-2.4,48.3,49.5,22,28,26,5,9,8,3,5,0,0,7.286422646841527e-05
578,Houston Rockets,2015,0.5,106.5,37.7,29.4,31.7,0.0,49.0,49.2,23,3,2,3,27,7,18,3,0,0,0.0035545995081962024
579,Washington Wizards,2015,0.5,104.1,39.5,22.5,32.8,-0.5,49.7,49.0,10,14,14,24,25,27,25,10,0,0,0.0032931345884281327
580,Utah Jazz,2015,0.488,97.7,36.1,23.0,32.5,1.8,50.8,51.7,30,16,15,20,24,10,19,19,0,0,0.009627001835573409
581,Orlando Magic,2015,0.427,102.1,39.5,20.1,33.0,-1.6,48.8,49.5,4,22,22,30,17,18,9,12,0,0,0.0006700176943374995
582,Denver Nuggets,2015,0.402,101.9,37.7,24.1,33.1,-3.3,47.9,51.3,12,19,18,9,14,5,1,8,0,0,0.00011696676452527854
583,Milwaukee Bucks,2015,0.402,99.0,38.4,22.7,31.2,-4.5,48.3,49.0,26,30,30,21,22,14,5,13,0,0,0.00025996975921422966
584,Sacramento Kings,2015,0.402,106.6,40.0,25.5,33.7,-2.3,49.4,50.0,7,20,21,10,26,13,12,16,0,0,0.0013081508315568857
585,New York Knicks,2015,0.39,98.4,36.9,21.4,34.0,-2.8,48.7,50.2,20,24,23,17,1,16,26,21,0,0,0.0002619547594405366
586,New Orleans Pelicans,2015,0.366,102.7,38.5,22.2,33.1,-3.7,47.2,49.3,9,15,16,16,13,23,14,9,0,0,0.00010531743461701591
587,Minnesota Timberwolves,2015,0.354,102.4,37.7,27.0,31.5,-3.5,49.7,49.4,29,29,29,1,4,21,15,14,0,0,0.00018130322963937933
588,Phoenix Suns,2015,0.28,100.9,37.2,23.2,33.3,-6.5,45.0,50.8,11,11,12,13,20,6,10,1,0,0,3.0749197192376916e-05
589,Brooklyn Nets,2015,0.256,98.6,38.2,20.7,31.9,-7.4,46.0,49.4,17,26,27,27,18,15,16,29,0,0,8.659795525997541e-05
590,Los Angeles Lakers,2015,0.207,97.3,35.1,24.7,32.3,-9.7,42.4,48.4,14,23,13,6,11,11,6,18,0,0,6.90877885603371e-07
591,Philadelphia 76ers,2015,0.122,97.4,36.2,22.6,31.8,-10.2,42.8,46.6,21,9,8,28,28,24,4,6,0,0,5.374170425522459e-06
592,Golden State Warriors,2016,0.817,115.9,43.1,22.6,35.0,11.4,57.9,50.4,8,3,5,17,9,19,27,19,1,1,0.8599765497137205
593,San Antonio Spurs,2016,0.744,105.3,39.3,22.0,33.9,7.4,55.1,51.1,24,16,25,18,7,16,25,24,0,0,0.2521715463917745
594,Houston Rockets,2016,0.671,115.3,40.3,26.5,33.5,5.7,51.6,49.9,7,1,1,2,20,9,12,16,0,0,0.039780813666190996
595,Boston Celtics,2016,0.646,108.0,38.6,23.2,32.9,2.6,51.4,48.5,18,4,3,9,3,22,8,10,0,0,0.0022840957863142436
596,Cleveland Cavaliers,2016,0.622,110.3,39.9,23.3,34.4,3.1,51.0,49.9,19,2,2,19,23,21,23,27,0,0,0.050285937076447344
597,LA Clippers,2016,0.622,108.7,39.5,26.0,34.0,4.4,52.7,50.1,26,9,11,6,26,23,30,17,0,0,0.08385993106273124
598,Toronto Raptors,2016,0.622,106.9,39.2,24.7,32.6,4.3,51.6,50.5,21,21,22,3,8,11,18,8,0,0,0.00829604060655412
599,Utah Jazz,2016,0.622,100.7,37.0,22.9,33.8,4.3,53.4,51.4,30,13,17,22,24,20,28,23,0,0,0.10087516010395044
600,Washington Wizards,2016,0.598,109.2,41.3,22.1,32.6,1.7,51.1,50.1,10,17,20,20,12,13,19,4,0,0,0.010499874085892659
601,Oklahoma City Thunder,2016,0.573,106.6,39.5,25.8,34.4,0.8,49.9,52.8,5,26,18,8,27,1,2,7,0,0,0.0019065550782625673
602,Atlanta Hawks,2016,0.524,103.2,38.1,24.9,34.1,-0.7,50.6,50.2,22,19,15,13,28,14,9,25,0,0,0.0032843548204318815
603,Memphis Grizzlies,2016,0.524,100.5,36.4,23.4,32.0,0.5,50.1,50.7,25,14,14,12,13,10,13,2,0,0,0.0011569398867252714
604,Indiana Pacers,2016,0.512,105.1,39.3,22.1,33.0,-0.2,50.5,48.8,20,23,27,16,2,24,14,18,0,0,0.0012304607019143195
605,Milwaukee Bucks,2016,0.512,103.6,38.8,22.4,31.6,-0.2,50.4,48.7,29,22,24,21,19,25,20,14,0,0,0.00398647107752721
606,Chicago Bulls,2016,0.5,102.9,38.6,22.5,34.1,0.3,50.4,51.9,9,28,29,15,6,2,21,29,0,0,0.002966614185878881
607,Miami Heat,2016,0.5,103.2,39.0,21.6,33.0,1.0,50.0,49.9,14,12,12,28,30,12,16,11,0,0,0.010259101934790252
608,Portland Trail Blazers,2016,0.5,107.9,39.5,23.7,33.5,-0.6,49.3,49.6,13,8,10,11,14,15,6,5,0,0,0.0009693881704111351
609,Denver Nuggets,2016,0.488,111.7,41.2,24.2,34.6,0.4,50.3,53.2,4,7,8,10,17,5,17,21,0,0,0.010416113263205067
610,Detroit Pistons,2016,0.451,101.3,39.9,19.3,34.6,-1.4,48.2,51.9,1,27,26,30,29,8,26,28,0,0,0.0032817396491418116
611,Charlotte Hornets,2016,0.439,104.9,37.7,23.8,34.8,0.0,50.5,49.6,15,11,9,4,1,26,3,30,0,0,0.0003590006809003426
612,New Orleans Pelicans,2016,0.415,104.3,39.1,22.3,35.1,-2.1,49.3,48.0,11,15,13,25,22,29,24,26,0,0,0.0018267843473862963
613,Dallas Mavericks,2016,0.402,97.9,36.2,18.5,30.7,-3.0,47.9,46.5,27,5,6,29,4,30,29,22,0,0,0.0002874661510631977
614,Sacramento Kings,2016,0.39,102.8,37.9,23.3,32.3,-4.2,47.8,49.2,28,18,23,14,16,28,10,12,0,0,0.00017716613641922138
615,Minnesota Timberwolves,2016,0.378,105.6,39.5,24.2,31.0,-0.9,50.1,50.7,23,30,30,7,5,6,15,15,0,0,0.0012270287217627243
616,New York Knicks,2016,0.378,104.3,39.6,21.1,33.2,-3.6,48.2,50.0,2,24,21,26,10,3,22,13,0,0,0.0005562959811457299
617,Orlando Magic,2016,0.354,101.1,38.3,21.4,33.3,-6.5,46.0,49.1,12,25,16,27,25,17,11,20,0,0,7.07014602107341e-05
618,Philadelphia 76ers,2016,0.341,102.4,37.7,22.0,33.0,-5.5,47.0,49.0,16,10,7,23,18,18,4,3,0,0,7.62815330561923e-05
619,Los Angeles Lakers,2016,0.317,104.6,39.3,22.6,32.1,-6.7,44.6,49.4,6,20,19,24,21,7,5,9,0,0,5.087544012217757e-05
620,Phoenix Suns,2016,0.293,107.7,39.9,26.3,33.1,-5.2,46.2,50.3,3,29,28,1,15,4,7,1,0,0,4.04516363357408e-05
621,Brooklyn Nets,2016,0.244,105.8,37.8,24.6,35.1,-6.5,46.0,48.3,17,6,4,5,11,27,1,6,0,0,1.2811653613279045e-05
622,Houston Rockets,2017,0.793,112.4,38.7,25.1,34.5,8.4,53.1,50.3,27,1,1,2,9,23,25,18,0,0,0.10499465460630109
623,Toronto Raptors,2017,0.72,111.7,41.3,21.8,34.2,7.7,53.8,50.2,6,4,3,9,4,14,11,4,0,0,0.040071033746051324
624,Golden State Warriors,2017,0.707,113.5,42.8,20.3,35.1,5.9,55.4,49.7,24,8,16,16,1,28,30,15,1,0,0.24389935168593296
625,Boston Celtics,2017,0.671,104.0,38.3,20.7,35.1,3.6,51.9,50.4,25,6,10,21,17,20,26,14,0,0,0.031912781541254064
626,Philadelphia 76ers,2017,0.634,109.8,40.8,22.8,36.5,4.6,54.2,52.0,12,10,12,11,23,3,8,2,0,0,0.07353327292459019
627,Cleveland Cavaliers,2017,0.61,110.9,40.4,23.3,33.7,1.0,50.2,49.2,26,3,5,6,10,27,28,26,0,0,0.007680677053003181
628,Portland Trail Blazers,2017,0.598,105.6,39.3,20.9,35.3,2.7,51.0,51.3,8,16,19,15,3,9,9,19,0,0,0.0036090305167406273
629,Indiana Pacers,2017,0.585,105.6,40.8,19.2,32.7,1.3,50.9,49.6,14,25,26,24,11,16,6,24,0,0,0.004062240527396227
630,New Orleans Pelicans,2017,0.585,111.7,42.7,20.9,35.6,1.1,52.5,49.4,3,18,18,19,13,26,27,23,0,0,0.017235765551637625
631,Oklahoma City Thunder,2017,0.585,107.9,39.9,24.2,32.6,3.7,50.8,51.5,4,15,11,10,29,1,20,10,0,0,0.018921326093170904
632,Utah Jazz,2017,0.585,104.1,38.3,21.5,34.2,4.4,53.2,50.9,29,13,13,13,12,24,21,16,0,0,0.022021395815207484
633,Minnesota Timberwolves,2017,0.573,109.5,41.0,24.1,31.6,2.3,51.8,50.3,15,30,30,3,2,7,16,28,0,0,0.0061766283299072655
634,San Antonio Spurs,2017,0.573,102.7,39.0,20.9,33.9,3.0,52.5,50.8,21,28,27,20,14,6,29,29,0,0,0.034982590781282415
635,Denver Nuggets,2017,0.561,110.0,40.7,22.3,33.5,1.4,51.1,51.7,13,7,8,12,18,2,15,25,0,0,0.018974648503057003
636,Miami Heat,2017,0.537,103.4,38.8,19.5,34.2,0.4,50.5,50.1,23,11,9,26,22,21,22,11,0,0,0.006330399378294713
637,Milwaukee Bucks,2017,0.537,106.5,39.7,23.4,31.5,-0.2,50.2,48.0,28,27,25,5,8,29,23,5,0,0,0.0007660912215854068
638,Washington Wizards,2017,0.524,106.6,39.9,21.8,33.1,0.4,50.9,50.4,19,21,23,14,15,13,17,6,0,0,0.003851193576021438
639,LA Clippers,2017,0.512,109.0,40.3,25.5,33.7,0.2,49.7,50.4,22,22,22,4,26,10,2,12,0,0,0.0026237886635684187
640,Detroit Pistons,2017,0.476,103.8,39.1,19.8,33.6,-0.1,48.9,49.9,9,14,17,27,25,11,12,27,0,0,0.003729915089599221
641,Charlotte Hornets,2017,0.439,108.2,39.0,27.0,35.4,-0.1,50.0,51.2,11,19,21,1,24,12,13,30,0,0,0.003180420880707902
642,Los Angeles Lakers,2017,0.427,108.1,40.7,23.3,35.7,-1.3,49.1,50.5,2,20,15,17,30,4,3,7,0,0,0.0015614718191527118
643,New York Knicks,2017,0.354,104.5,40.7,19.0,33.6,-3.4,48.1,50.9,5,29,29,25,5,5,18,9,0,0,0.00036997212978868353
644,Brooklyn Nets,2017,0.341,106.6,38.2,22.6,34.8,-3.6,47.4,48.9,10,2,2,8,16,15,4,8,0,0,0.0001055585295417758
645,Chicago Bulls,2017,0.329,102.9,38.7,19.2,35.0,-7.0,45.3,50.0,1,12,6,28,20,17,7,21,0,0,3.590107034751983e-05
646,Sacramento Kings,2017,0.329,98.8,38.8,16.7,31.4,-7.3,45.1,48.9,16,26,28,30,28,18,19,13,0,0,5.653533182712244e-05
647,Orlando Magic,2017,0.305,103.4,38.8,20.5,32.8,-4.7,47.2,48.0,17,17,14,23,21,25,14,20,0,0,0.00018182621255896967
648,Atlanta Hawks,2017,0.293,103.4,38.2,20.2,32.8,-5.7,46.8,48.9,20,9,7,22,7,22,5,17,0,0,5.6208625060317004e-05
649,Dallas Mavericks,2017,0.293,102.3,38.1,18.7,33.1,-2.9,47.5,47.8,18,5,4,29,19,30,24,22,0,0,0.0005700506089584881
650,Memphis Grizzlies,2017,0.268,99.3,36.7,21.1,31.0,-6.8,46.0,49.3,30,24,24,18,6,19,10,1,0,0,1.5713453778608507e-05
651,Phoenix Suns,2017,0.256,103.9,38.5,23.9,33.9,-9.0,44.2,49.3,7,23,20,7,27,8,1,3,0,0,6.001816027876319e-06
652,Milwaukee Bucks,2018,0.732,118.1,43.4,23.2,40.4,8.6,55.3,51.6,6,2,2,12,14,25,19,26,0,0,0.47646231029733005
653,Toronto Raptors,2018,0.707,114.4,42.2,22.0,35.6,5.8,53.3,50.2,15,8,11,15,3,24,23,14,1,0,0.08275666926682784
654,Golden State Warriors,2018,0.695,117.7,44.0,20.4,36.5,6.5,54.6,50.5,12,3,8,23,5,21,30,9,0,0,0.40780860811457975
655,Denver Nuggets,2018,0.659,110.7,41.9,20.9,34.5,4.0,52.4,52.4,11,17,16,26,20,2,16,24,0,0,0.12997782428320928
656,Houston Rockets,2018,0.646,113.9,39.2,24.4,31.9,4.8,49.8,48.1,25,1,1,3,9,14,24,6,0,0,0.011696636783965063
657,Portland Trail Blazers,2018,0.646,114.7,42.3,23.3,36.2,4.2,52.1,52.6,7,18,18,5,2,3,11,19,0,0,0.02032846211520849
658,Philadelphia 76ers,2018,0.622,115.2,41.5,27.5,36.9,2.6,52.9,51.7,20,19,19,2,16,11,27,11,0,0,0.061618642421180994
659,Utah Jazz,2018,0.61,111.7,40.4,25.5,36.4,5.0,53.9,52.2,29,9,9,7,26,17,21,12,0,0,0.1816681617559143
660,Boston Celtics,2018,0.598,112.4,42.1,19.5,34.7,4.3,53.0,49.5,8,6,7,28,4,20,29,20,0,0,0.08992319517555875
661,Oklahoma City Thunder,2018,0.598,114.5,42.6,25.0,35.5,3.4,50.6,50.9,1,12,13,13,28,1,12,4,0,0,0.03852087599475889
662,Indiana Pacers,2018,0.585,108.0,41.3,21.1,33.7,3.4,52.7,49.9,27,29,29,27,21,26,10,27,0,0,0.049759227513016
663,LA Clippers,2018,0.585,115.1,41.3,28.5,35.8,1.0,50.5,50.0,24,24,28,1,7,22,1,3,0,0,0.0025984069978654935
664,San Antonio Spurs,2018,0.585,111.7,42.3,21.0,35.5,1.6,51.6,50.1,17,26,30,20,1,27,28,30,0,0,0.017469977595282647
665,Brooklyn Nets,2018,0.512,112.2,40.3,25.5,35.6,-0.1,49.2,50.1,14,5,5,6,24,9,9,8,0,0,0.0034691754854925816
666,Orlando Magic,2018,0.512,107.3,40.4,19.2,35.4,0.6,50.8,50.4,16,13,15,30,12,18,26,29,0,0,0.018473073531760018
667,Detroit Pistons,2018,0.5,107.0,38.8,23.1,33.6,-0.3,48.2,50.9,18,10,6,19,23,5,13,5,0,0,0.0024504664680348107
668,Charlotte Hornets,2018,0.476,110.7,40.2,23.1,33.9,-1.3,48.6,49.5,13,11,10,9,6,19,2,28,0,0,0.0004974518531752269
669,Miami Heat,2018,0.476,105.7,39.6,21.7,35.1,-0.4,50.1,50.9,21,14,14,29,30,7,20,15,0,0,0.02044644478776049
670,Sacramento Kings,2018,0.476,114.2,43.2,22.7,34.4,-1.2,49.5,48.7,2,15,20,21,27,10,14,10,0,0,0.008622759849329543
671,Los Angeles Lakers,2018,0.451,111.8,42.6,23.3,36.4,-1.6,49.5,50.2,9,20,17,24,29,15,15,17,0,0,0.008601368936002236
672,Minnesota Timberwolves,2018,0.439,112.5,41.6,24.3,33.5,-1.6,49.8,49.7,5,23,26,4,10,6,6,21,0,0,0.0010739881407350756
673,Dallas Mavericks,2018,0.402,108.9,38.8,25.3,35.2,-1.5,49.2,50.3,28,7,4,8,25,16,25,23,0,0,0.004884602414051602
674,Memphis Grizzlies,2018,0.402,103.5,38.0,23.0,33.0,-2.4,49.0,48.4,30,27,25,16,15,29,18,7,0,0,0.00039357305112475263
675,New Orleans Pelicans,2018,0.402,115.4,43.7,23.4,36.2,-1.3,49.8,50.9,3,21,21,14,18,8,8,13,0,0,0.004387582870207851
676,Washington Wizards,2018,0.39,114.0,42.1,23.9,32.7,-2.7,48.7,47.7,10,16,12,10,17,23,22,18,0,0,0.001125049136439607
677,Atlanta Hawks,2018,0.354,113.3,41.4,23.4,34.5,-5.5,46.4,49.6,4,4,3,17,22,4,7,1,0,0,0.00033815896163012874
678,Chicago Bulls,2018,0.268,104.9,39.8,20.7,34.1,-8.3,45.3,48.3,22,30,27,25,11,30,3,22,0,0,1.8641112637713464e-05
679,Cleveland Cavaliers,2018,0.232,104.5,38.9,20.7,31.9,-10.0,43.6,49.6,23,22,24,22,8,12,4,25,0,0,1.1710176862346623e-05
680,Phoenix Suns,2018,0.232,107.5,40.1,22.7,31.3,-8.9,45.0,46.4,26,28,23,18,13,28,17,2,0,0,1.7239110868009088e-05
681,New York Knicks,2018,0.207,104.6,38.2,23.9,34.3,-8.9,44.2,48.6,19,25,22,11,19,13,5,16,0,0,1.0544231960438764e-05
682,Milwaukee Bucks,2019,0.767,118.7,43.3,24.7,42.2,9.4,56.2,52.4,4,3,4,14,27,24,22,24,0,1,0.8056228685159172
683,Toronto Raptors,2019,0.736,112.8,40.2,23.2,35.9,6.1,53.0,49.6,23,4,6,12,6,25,5,9,0,0,0.030390631329971225
684,Los Angeles Lakers,2019,0.732,113.4,42.3,24.3,35.1,5.6,53.9,51.2,20,23,22,17,28,6,30,17,1,0,0.46269150541306414
685,LA Clippers,2019,0.681,116.3,41.6,26.3,37.0,6.3,53.2,51.5,14,13,16,1,8,7,18,5,0,0,0.08478853695565877
686,Boston Celtics,2019,0.667,113.7,41.3,23.2,35.4,6.3,53.1,50.9,11,12,13,10,5,8,6,11,0,0,0.04091883618762094
687,Denver Nuggets,2019,0.63,111.3,42.0,20.9,33.4,2.2,51.7,50.9,15,24,26,25,16,4,23,20,0,0,0.060896714153195176
688,Indiana Pacers,2019,0.616,109.4,42.1,19.1,34.1,1.9,52.0,48.7,18,29,30,30,12,28,19,22,0,0,0.01870600423837438
689,Houston Rockets,2019,0.611,117.8,40.8,26.1,34.5,2.7,49.4,48.0,8,1,1,2,9,20,14,7,0,0,0.003439024313180937
690,Miami Heat,2019,0.603,112.0,39.5,25.2,35.9,2.7,52.5,51.2,30,6,9,5,13,29,26,18,0,0,0.02976875382883333
691,Oklahoma City Thunder,2019,0.611,110.4,40.0,24.8,34.7,2.1,51.9,49.2,28,26,27,4,7,30,28,27,0,0,0.00918935950113363
692,Utah Jazz,2019,0.611,111.3,40.1,22.8,35.8,2.5,51.3,51.2,29,7,10,16,14,26,20,19,0,0,0.02741365863974069
693,Dallas Mavericks,2019,0.573,117.0,41.7,23.8,36.4,4.8,52.1,50.9,9,2,2,11,15,10,27,25,0,0,0.13008870909359857
694,Philadelphia 76ers,2019,0.589,110.7,41.1,22.4,35.0,2.3,52.3,51.6,24,19,23,21,21,11,29,16,0,0,0.1085593148757864
695,Brooklyn Nets,2019,0.486,111.8,40.4,24.1,37.3,-0.5,50.0,51.1,10,9,5,15,25,9,9,15,0,0,0.005691611095254024
696,Portland Trail Blazers,2019,0.473,115.0,42.2,22.1,35.1,-1.1,48.6,49.2,3,10,15,18,3,16,15,10,0,0,0.001627657782329986
697,Memphis Grizzlies,2019,0.466,112.6,42.5,21.8,36.2,-1.0,50.7,50.6,5,25,24,22,19,14,10,13,0,0,0.005118555069003369
698,Phoenix Suns,2019,0.466,113.6,41.2,23.8,33.8,0.5,51.2,49.8,22,20,20,3,1,21,7,6,0,0,0.001520890364521965
699,Orlando Magic,2019,0.452,107.3,39.3,22.7,34.2,-1.3,49.6,50.0,16,22,19,19,17,15,21,29,0,0,0.0029500329392573225
700,San Antonio Spurs,2019,0.451,114.1,42.2,23.4,35.6,-0.9,50.2,49.5,12,27,28,8,2,27,24,26,0,0,0.0020181159403109983
701,Sacramento Kings,2019,0.431,110.1,40.9,20.3,32.9,-1.9,47.9,49.2,19,11,12,27,18,23,25,3,0,0,0.0022656710540745572
702,New Orleans Pelicans,2019,0.417,115.8,42.6,23.4,35.4,-1.3,49.5,50.8,1,5,7,20,29,2,17,14,0,0,0.0176569835315867
703,Washington Wizards,2019,0.347,114.4,41.5,24.6,31.9,-4.5,47.3,47.8,6,16,18,6,11,17,11,2,0,0,0.0001402773372572519
704,Charlotte Hornets,2019,0.354,102.9,37.3,21.6,31.8,-7.0,45.5,48.6,26,15,14,26,24,3,12,28,0,0,0.0002067183318036753
705,Chicago Bulls,2019,0.338,106.8,39.6,20.5,31.4,-3.1,46.6,48.1,17,14,11,28,22,12,3,8,0,0,0.0003721039197867992
706,New York Knicks,2019,0.318,105.8,40.0,23.5,34.5,-6.5,46.1,51.3,13,30,29,24,30,1,13,4,0,0,0.0003258358670223458
707,Atlanta Hawks,2019,0.299,111.8,40.6,23.4,33.4,-7.4,45.4,48.4,7,17,8,13,10,19,1,1,0,0,1.3356666430937433e-05
708,Detroit Pistons,2019,0.303,107.2,39.3,22.4,32.0,-3.5,47.3,49.3,27,18,17,23,26,22,4,23,0,0,0.0006826218118277048
709,Cleveland Cavaliers,2019,0.292,106.9,40.3,19.9,33.4,-7.9,45.3,51.2,25,21,21,29,20,5,2,30,0,0,0.00021031698209924817
710,Minnesota Timberwolves,2019,0.297,113.3,40.4,25.4,34.3,-4.0,47.2,48.8,2,8,3,7,23,13,8,12,0,0,0.0002510879982776005
711,Golden State Warriors,2019,0.231,106.3,38.6,23.2,32.9,-8.6,46.2,48.1,21,28,25,9,4,18,16,21,0,0,1.6661214873123392e-05
712,Utah Jazz,2020,0.722,116.4,41.3,21.5,37.6,9.0,54.2,52.9,18,1,1,11,8,3,28,23,0,1,0.5256793967093754
713,Phoenix Suns,2020,0.708,115.3,43.3,18.7,34.2,5.9,53.4,50.0,16,12,15,28,2,28,30,15,0,0,0.16828640757350227
714,Philadelphia 76ers,2020,0.681,113.6,41.4,25.5,35.0,5.5,53.6,51.1,24,23,26,3,20,13,18,8,0,0,0.09682854380789789
715,Brooklyn Nets,2020,0.667,118.6,43.1,22.5,35.5,4.2,53.2,50.3,21,7,12,5,6,27,20,18,0,0,0.0567943621654944
716,Denver Nuggets,2020,0.653,115.1,43.3,19.5,33.9,4.8,52.5,52.2,8,14,16,27,7,8,23,16,0,0,0.14002942286197745
717,LA Clippers,2020,0.653,114.0,41.8,19.3,34.7,6.1,53.0,51.8,25,6,14,23,1,20,26,14,0,0,0.18060848084973574
718,Milwaukee Bucks,2020,0.639,120.1,44.7,21.4,37.8,5.8,53.3,51.9,1,5,8,24,23,12,15,29,1,0,0.46555947875062015
719,Dallas Mavericks,2020,0.583,112.4,41.1,21.2,34.2,2.3,51.0,49.6,22,8,6,17,15,25,29,11,0,0,0.019262779114241596
720,Los Angeles Lakers,2020,0.583,109.5,40.6,23.3,34.6,2.9,51.7,51.1,27,25,24,12,28,15,24,17,0,0,0.04296012757547651
721,Portland Trail Blazers,2020,0.583,116.1,41.3,21.6,33.9,1.8,49.3,49.5,4,2,2,6,3,4,21,19,0,0,0.004242725270914224
722,Atlanta Hawks,2020,0.569,113.7,40.8,24.2,35.1,2.2,51.1,51.6,23,17,19,2,5,5,14,13,0,0,0.009246722402253717
723,New York Knicks,2020,0.569,107.0,39.4,20.9,35.5,2.4,50.2,50.5,26,21,27,19,14,16,6,5,0,0,0.004991484190806135
724,Miami Heat,2020,0.556,108.1,39.2,21.1,33.5,-0.1,50.9,49.1,30,15,11,13,12,29,27,20,0,0,0.003359978709701113
725,Golden State Warriors,2020,0.542,113.7,41.3,21.1,35.1,1.1,51.0,48.0,17,3,5,15,13,30,25,2,0,0,0.007183470300107284
726,Memphis Grizzlies,2020,0.528,113.3,42.8,21.3,35.3,1.2,51.1,50.7,2,24,23,20,18,2,11,22,0,0,0.016326415273696496
727,Boston Celtics,2020,0.5,112.6,41.5,20.8,33.6,1.2,50.1,51.0,11,11,10,25,16,6,22,7,0,0,0.017808485890539707
728,Indiana Pacers,2020,0.472,115.3,43.3,20.7,33.7,0.1,50.2,47.6,3,18,17,21,9,26,7,9,0,0,0.0019538848718183718
729,Washington Wizards,2020,0.472,116.6,43.2,26.2,35.5,-1.6,49.6,49.4,5,28,29,1,19,17,16,1,0,0,0.0014385491235663012
730,Charlotte Hornets,2020,0.458,109.5,39.9,20.9,33.2,-1.9,48.9,49.6,20,10,9,26,21,7,17,26,0,0,0.005891993016191151
731,San Antonio Spurs,2020,0.458,111.1,41.9,22.0,34.6,-1.5,49.3,48.5,7,30,30,9,10,23,12,27,0,0,0.000594482729657843
732,Chicago Bulls,2020,0.431,110.7,42.2,17.5,35.3,-1.1,49.9,51.9,13,16,18,30,11,18,13,21,0,0,0.005144511822507601
733,New Orleans Pelicans,2020,0.431,114.6,42.5,26.1,35.7,-0.3,50.8,52.7,10,27,25,4,29,1,1,28,0,0,0.010086068366724706
734,Sacramento Kings,2020,0.431,113.7,42.6,22.0,32.0,-3.8,48.1,48.2,14,19,20,22,25,21,19,12,0,0,0.0018589177177467315
735,Toronto Raptors,2020,0.375,111.3,39.7,21.3,32.1,-0.4,48.6,47.9,12,4,4,10,4,22,4,3,0,0,0.0002598686767954452
736,Minnesota Timberwolves,2020,0.319,112.1,40.7,23.1,33.0,-5.3,46.9,48.4,6,13,7,8,22,9,5,4,0,0,9.670174698149014e-05
737,Cleveland Cavaliers,2020,0.306,103.8,38.6,22.4,32.3,-8.3,46.0,49.9,28,29,28,14,26,10,2,24,0,0,5.2270275276300594e-05
738,Oklahoma City Thunder,2020,0.306,105.0,38.8,21.3,35.7,-10.6,44.2,49.4,19,20,13,29,30,14,8,25,0,0,3.7675575123042066e-05
739,Orlando Magic,2020,0.292,104.0,38.3,21.4,35.1,-9.3,45.0,48.8,9,26,22,16,17,11,9,30,0,0,1.3070138583466897e-05
740,Detroit Pistons,2020,0.278,106.6,38.7,23.4,33.1,-4.5,47.3,49.3,29,22,21,7,24,19,3,6,0,0,0.00011642634935355402
741,Houston Rockets,2020,0.236,108.8,39.3,22.3,33.3,-7.4,45.1,47.4,15,9,3,18,27,24,10,10,0,0,4.420682779660168e-05
742,Phoenix Suns,2021,0.78,114.8,43.7,19.9,35.5,7.5,54.8,50.3,6,20,26,24,7,18,27,12,0,0,0.31970624197837494
743,Memphis Grizzlies,2021,0.683,115.6,43.5,23.1,35.0,5.3,53.0,52.6,1,23,23,14,28,1,1,14,0,0,0.09940327051113906
744,Golden State Warriors,2021,0.646,111.0,40.5,20.3,35.7,5.5,53.6,51.0,21,3,3,26,17,19,29,4,1,0,0.19043565897177428
745,Miami Heat,2021,0.646,110.0,39.6,21.4,33.9,4.5,52.9,51.0,28,6,14,12,5,20,28,6,0,0,0.04329323953082531
746,Dallas Mavericks,2021,0.634,108.0,39.3,21.2,33.8,3.5,51.1,49.6,27,10,7,20,16,24,30,15,0,0,0.023840427889392377
747,Boston Celtics,2021,0.622,111.8,40.7,20.9,35.5,7.4,54.7,50.9,17,8,9,15,2,11,16,26,0,0,0.15602108973992188
748,Milwaukee Bucks,2021,0.622,115.5,41.8,22.9,36.5,3.2,51.6,51.2,8,4,5,8,15,15,22,28,0,0,0.03617804134864912
749,Philadelphia 76ers,2021,0.622,109.9,39.4,23.8,33.8,2.8,51.7,49.0,30,21,27,1,1,30,17,19,0,0,0.0036563630050527587
750,Utah Jazz,2021,0.598,113.6,40.6,23.4,35.6,6.2,52.8,52.5,24,2,2,6,20,9,23,20,0,0,0.18069014149116502
751,Denver Nuggets,2021,0.585,112.7,41.7,21.0,34.9,2.3,51.6,51.5,23,13,13,19,8,25,12,11,0,0,0.01302989694646452
752,Toronto Raptors,2021,0.585,109.4,40.6,21.3,32.0,2.2,49.4,50.8,4,19,19,23,23,2,6,18,0,0,0.007578017049948195
753,Chicago Bulls,2021,0.561,111.6,41.7,21.5,33.7,-0.5,49.6,49.5,20,28,30,9,3,29,7,22,0,0,0.0006745270537303286
754,Minnesota Timberwolves,2021,0.561,115.9,41.6,23.1,32.9,2.7,50.4,49.0,5,1,1,4,14,6,13,2,0,0,0.006190331037068091
755,Brooklyn Nets,2021,0.537,112.9,42.0,21.7,34.1,0.9,51.2,49.9,12,24,28,10,6,14,9,7,0,0,0.002965168097656131
756,Cleveland Cavaliers,2021,0.537,107.8,39.7,22.1,34.0,2.1,51.7,50.6,29,22,22,17,21,16,18,30,0,0,0.026351201904836207
757,Atlanta Hawks,2021,0.524,113.9,41.5,22.3,33.9,1.6,50.9,50.1,13,11,18,3,4,17,21,24,0,0,0.006281494760309333
758,Charlotte Hornets,2021,0.524,115.3,42.8,21.4,33.7,0.5,50.4,48.6,3,5,6,25,27,10,19,13,0,0,0.027340523822189194
759,LA Clippers,2021,0.512,108.4,40.1,19.6,34.9,0.0,50.2,48.6,18,12,20,27,9,26,25,25,0,0,0.0072738142381045525
760,New York Knicks,2021,0.451,106.5,37.7,24.1,34.6,-0.4,49.1,51.2,25,9,10,5,26,4,20,8,0,0,0.002885200078769775
761,New Orleans Pelicans,2021,0.439,109.3,40.2,23.2,33.2,-0.8,50.0,51.8,16,29,24,2,10,3,14,16,0,0,0.0010095878583570408
762,Washington Wizards,2021,0.427,108.6,40.6,21.7,34.1,-3.4,49.6,49.4,26,30,29,16,12,28,24,23,0,0,0.0010415016161692398
763,San Antonio Spurs,2021,0.415,113.2,43.2,20.4,34.3,0.2,51.0,49.4,2,26,25,29,25,7,10,29,0,0,0.02160165238409252
764,Los Angeles Lakers,2021,0.402,112.1,41.6,23.0,34.5,-2.9,48.2,49.0,10,18,17,18,29,23,26,10,0,0,0.0019967622276242506
765,Sacramento Kings,2021,0.366,110.3,40.5,23.3,33.4,-5.2,47.3,48.4,15,25,21,7,18,21,15,21,0,0,0.00013297507509018902
766,Portland Trail Blazers,2021,0.329,106.2,38.5,21.6,32.5,-9.1,44.7,48.7,19,14,12,21,22,12,8,3,0,0,2.3877279252484575e-05
767,Indiana Pacers,2021,0.305,111.5,41.4,21.4,32.6,-3.6,47.8,51.2,7,15,15,22,19,5,11,9,0,0,0.0010227741301787228
768,Oklahoma City Thunder,2021,0.293,103.7,38.3,19.9,35.2,-8.0,45.1,48.7,9,17,8,30,24,13,2,27,0,0,3.4597022453071724e-05
769,Detroit Pistons,2021,0.28,104.8,38.2,22.0,32.0,-7.7,45.0,48.1,11,27,16,13,13,8,4,1,0,0,5.422961343875117e-06
770,Orlando Magic,2021,0.268,104.2,38.3,19.7,35.2,-8.1,45.8,49.0,14,16,11,28,11,27,5,17,0,0,1.8051688476718968e-05
771,Houston Rockets,2021,0.244,109.7,39.4,24.5,32.4,-8.3,45.1,48.5,22,7,4,11,30,22,3,5,0,0,3.737863555606303e-05
772,Milwaukee Bucks,2022,0.707,116.9,42.7,22.4,37.5,3.4,52.3,52.1,6,4,4,28,28,11,26,29,0,0,0.34177542295351543
773,Boston Celtics,2022,0.695,117.9,42.2,21.6,35.6,6.7,53.4,50.6,15,2,2,23,4,20,27,24,0,0,0.28662876647196056
774,Philadelphia 76ers,2022,0.659,115.2,40.8,25.1,32.2,4.4,52.4,49.6,30,11,16,1,1,27,15,12,0,0,0.015700609110202858
775,Denver Nuggets,2022,0.646,115.8,43.6,22.4,32.9,3.3,52.5,51.4,22,18,25,27,26,16,20,27,1,0,0.326923331187493
776,Cleveland Cavaliers,2022,0.622,112.3,41.6,22.5,31.4,5.6,53.1,49.6,27,19,24,24,19,21,18,22,0,0,0.20240650870626675
777,Memphis Grizzlies,2022,0.622,116.9,43.7,23.8,34.6,4.0,51.9,50.7,4,16,11,25,30,4,7,16,0,0,0.1352822067136577
778,Sacramento Kings,2022,0.585,120.7,43.6,25.1,32.9,2.6,51.1,49.9,16,5,6,3,12,23,21,20,0,0,0.027485779912128545
779,New York Knicks,2022,0.573,116.0,42.0,25.5,34.0,2.8,50.9,52.1,12,12,8,7,22,3,17,13,0,0,0.03245727057736504
780,Brooklyn Nets,2022,0.549,113.4,41.5,22.1,32.3,1.1,51.0,47.2,28,9,13,19,7,29,28,6,0,0,0.012814120353192047
781,Phoenix Suns,2022,0.549,113.6,42.1,21.7,32.4,2.2,51.4,50.8,9,13,17,26,10,5,24,4,0,0,0.04168496239940836
782,Golden State Warriors,2022,0.537,118.9,43.1,20.2,34.1,1.7,51.0,50.2,8,1,1,29,9,14,25,3,0,0,0.04187774946307362
783,LA Clippers,2022,0.537,113.6,41.1,23.9,33.4,0.5,49.8,50.5,24,10,14,13,18,19,22,21,0,0,0.014101522317050986
784,Miami Heat,2022,0.537,109.5,39.2,23.0,30.9,-0.5,49.6,49.8,26,17,10,10,2,22,29,28,0,0,0.0016228967615146172
785,Los Angeles Lakers,2022,0.524,117.2,42.9,26.6,35.7,0.7,51.1,50.5,13,24,26,2,20,18,8,30,0,0,0.010685286557527603
786,Minnesota Timberwolves,2022,0.512,115.8,42.9,23.7,32.8,0.2,50.3,48.5,18,14,15,18,23,26,23,2,0,0,0.013112940274380116
787,New Orleans Pelicans,2022,0.512,114.4,42.0,24.4,33.1,1.9,51.4,51.2,17,23,29,8,11,13,13,9,0,0,0.011623568368466244
788,Atlanta Hawks,2022,0.5,118.4,44.6,22.6,33.2,0.1,50.0,50.0,3,25,28,16,3,9,10,25,0,0,0.006398013186363563
789,Toronto Raptors,2022,0.5,112.9,41.9,23.4,30.3,1.5,49.6,50.2,5,27,21,17,16,2,16,17,0,0,0.006531765507130622
790,Chicago Bulls,2022,0.488,113.1,42.5,21.8,33.9,1.3,51.2,49.3,21,29,30,20,5,28,14,23,0,0,0.007797915946851913
791,Oklahoma City Thunder,2022,0.488,117.5,43.1,23.7,32.3,1.0,49.8,48.7,1,15,12,9,6,8,3,7,0,0,0.0018974146745380559
792,Dallas Mavericks,2022,0.463,114.2,40.0,25.1,31.2,-0.2,48.7,47.1,29,3,3,12,24,30,30,8,0,0,0.00583434960764759
793,Utah Jazz,2022,0.451,117.1,42.5,23.8,34.1,-0.7,49.8,51.2,10,7,5,14,14,6,12,10,0,0,0.006702312575422701
794,Indiana Pacers,2022,0.427,116.3,42.0,23.7,31.4,-3.3,48.2,48.2,11,6,7,15,13,17,5,5,0,0,0.0006654463509456247
795,Washington Wizards,2022,0.427,113.2,42.1,22.4,34.2,-1.2,50.4,50.5,20,21,23,21,15,24,11,26,0,0,0.00635724741995427
796,Orlando Magic,2022,0.415,111.4,40.5,25.0,33.1,-2.3,48.5,50.5,23,26,27,5,17,15,9,15,0,0,0.0007468015256234671
797,Portland Trail Blazers,2022,0.402,113.4,40.5,24.6,31.1,-4.0,47.4,48.6,25,8,9,6,8,25,19,18,0,0,0.0003709906568259235
798,Charlotte Hornets,2022,0.329,111.0,41.3,23.6,33.5,-6.3,47.3,49.1,7,28,18,22,27,12,2,14,0,0,0.00018992582052682695
799,Houston Rockets,2022,0.268,110.7,40.6,25.3,32.9,-8.1,45.7,53.0,14,30,22,11,25,1,1,11,0,0,6.6907409583596e-05
800,San Antonio Spurs,2022,0.268,113.0,43.1,21.2,31.9,-9.9,45.2,49.5,2,22,20,30,29,7,6,19,0,0,0.00014266250978624671
801,Detroit Pistons,2022,0.207,110.3,39.6,25.7,31.3,-7.9,44.9,49.1,19,20,19,4,21,10,4,1,0,0,2.2539052222876403e-05
