TEAM,YEAR,IS_CHAMP,WIN%,DREB,NETRTG,OREB%,PIE,REB%,OFFRTG_RANK,TS%_RANK,FGA_RANK,3PM_RANK,OREB_RANK
Chicago Bulls,1996,1,0.841,30.0,11.8,37.4,58.6,52.4,1,7,3,11,3
Utah Jazz,1996,0,0.78,29.4,9.8,32.8,59.0,51.8,2,1,27,27,28
Miami Heat,1996,0,0.744,29.3,6.0,32.4,53.6,50.4,12,8,25,1,21
Houston Rockets,1996,0,0.695,31.3,4.7,31.8,53.6,51.4,7,3,14,2,24
New York Knicks,1996,0,0.695,30.7,3.4,32.3,53.7,51.9,20,9,26,18,20
Seattle SuperSonics,1996,0,0.695,27.7,8.5,34.1,56.2,50.0,3,4,19,9,17
Atlanta Hawks,1996,0,0.683,28.7,6.2,33.4,53.9,50.5,8,12,22,3,14
Los Angeles Lakers,1996,0,0.683,29.4,4.2,34.3,53.0,50.1,9,16,9,10,7
Charlotte Hornets,1996,0,0.659,28.0,2.1,31.6,52.8,49.5,4,2,21,5,26
Detroit Pistons,1996,0,0.659,28.0,5.9,30.2,53.0,49.2,5,5,28,7,29
Portland Trail Blazers,1996,0,0.598,30.4,4.2,35.8,52.7,52.7,10,10,15,13,12
Orlando Magic,1996,0,0.549,27.1,-0.5,33.6,48.6,49.0,17,21,13,8,11
Washington Bullets,1996,0,0.537,29.5,1.5,32.6,52.5,50.3,13,14,8,28,18
Cleveland Cavaliers,1996,0,0.512,26.3,1.9,32.2,51.2,49.9,23,18,29,14,27
Minnesota Timberwolves,1996,0,0.488,28.1,-1.7,32.3,50.1,48.8,16,17,18,26,22
Phoenix Suns,1996,0,0.488,29.0,0.9,29.7,50.9,48.2,6,6,5,12,25
Indiana Pacers,1996,0,0.476,29.1,1.3,33.8,50.4,50.6,15,15,24,22,15
Los Angeles Clippers,1996,0,0.439,27.3,-2.8,33.9,47.5,49.2,18,22,6,17,8
Sacramento Kings,1996,0,0.415,28.1,-4.3,34.8,47.0,50.2,24,20,11,24,5
Milwaukee Bucks,1996,0,0.402,27.6,-2.0,32.9,47.7,50.1,14,13,23,29,23
Golden State Warriors,1996,0,0.366,27.5,-5.0,34.7,46.4,49.7,11,11,12,15,10
Toronto Raptors,1996,0,0.366,27.5,-3.5,35.0,46.7,49.8,21,23,10,6,4
New Jersey Nets,1996,0,0.317,29.0,-4.8,37.6,45.7,51.3,26,29,1,16,1
Dallas Mavericks,1996,0,0.293,27.6,-6.5,33.2,44.8,48.8,28,27,16,23,13
Philadelphia 76ers,1996,0,0.268,28.7,-6.9,35.9,45.3,50.4,25,25,4,21,2
Denver Nuggets,1996,0,0.256,29.9,-6.6,32.4,46.1,49.6,19,19,7,4,19
San Antonio Spurs,1996,0,0.244,26.0,-8.8,34.4,44.0,49.0,27,26,20,25,6
Boston Celtics,1996,0,0.183,26.7,-7.2,32.9,43.4,48.2,22,24,2,19,9
Vancouver Grizzlies,1996,0,0.171,26.3,-11.0,32.5,43.3,46.9,29,28,17,20,16
Chicago Bulls,1997,1,0.756,29.7,7.8,38.1,56.0,52.7,8,19,7,17,3
Utah Jazz,1997,0,0.756,29.3,7.2,35.2,57.1,52.9,1,1,29,26,26
Los Angeles Lakers,1997,0,0.744,30.1,8.1,33.9,55.8,50.3,2,2,13,5,11
Seattle SuperSonics,1997,0,0.744,27.1,7.9,32.1,54.4,48.1,3,3,15,1,28
Indiana Pacers,1997,0,0.707,28.6,6.8,30.5,55.3,49.0,6,4,26,9,29
Phoenix Suns,1997,0,0.683,29.9,5.6,32.1,54.7,49.7,7,7,9,6,21
San Antonio Spurs,1997,0,0.683,32.2,4.4,32.6,55.1,52.4,15,10,28,19,22
Miami Heat,1997,0,0.671,29.5,5.2,33.9,53.5,50.8,11,8,25,3,19
Charlotte Hornets,1997,0,0.622,28.5,2.2,32.6,52.6,51.0,12,6,24,12,23
Atlanta Hawks,1997,0,0.61,29.5,4.0,35.6,53.2,51.8,4,9,23,13,9
Cleveland Cavaliers,1997,0,0.573,28.4,2.8,33.0,52.8,50.8,24,11,27,21,27
Portland Trail Blazers,1997,0,0.561,30.8,1.6,35.5,51.2,52.5,16,15,20,14,12
Minnesota Timberwolves,1997,0,0.549,29.6,0.8,33.3,51.5,49.7,5,12,4,20,14
New Jersey Nets,1997,0,0.524,26.1,1.5,38.3,49.7,50.8,10,21,2,18,1
New York Knicks,1997,0,0.524,29.7,2.7,31.9,51.7,51.2,19,17,17,10,25
Washington Wizards,1997,0,0.512,28.5,0.7,33.9,50.7,50.1,13,22,5,16,7
Houston Rockets,1997,0,0.5,28.7,-0.9,32.4,49.0,49.9,9,5,14,2,24
Orlando Magic,1997,0,0.5,26.9,-1.2,37.0,48.9,50.5,22,26,16,22,6
Detroit Pistons,1997,0,0.451,28.5,1.6,33.2,50.5,50.0,14,16,22,23,15
Boston Celtics,1997,0,0.439,24.9,-2.7,35.2,45.7,48.4,23,23,1,7,4
Milwaukee Bucks,1997,0,0.439,27.3,-2.2,34.0,48.3,50.1,20,13,21,27,18
Philadelphia 76ers,1997,0,0.378,28.0,-2.3,34.1,47.8,49.9,21,20,18,28,8
Sacramento Kings,1997,0,0.329,28.1,-5.9,32.8,45.8,48.3,26,25,11,24,10
Dallas Mavericks,1997,0,0.244,27.8,-6.3,30.6,44.6,46.6,27,27,8,8,20
Golden State Warriors,1997,0,0.232,30.2,-9.6,35.6,42.3,50.5,29,29,3,29,2
Vancouver Grizzlies,1997,0,0.232,28.2,-7.8,34.0,45.2,49.6,17,14,12,15,13
Los Angeles Clippers,1997,0,0.207,27.8,-7.7,33.0,43.7,48.1,18,18,10,4,16
Toronto Raptors,1997,0,0.195,26.2,-9.5,33.9,43.1,46.6,25,24,6,11,5
Denver Nuggets,1997,0,0.134,26.3,-13.2,33.7,40.7,48.2,28,28,19,25,17
San Antonio Spurs,1998,1,0.74,31.7,9.1,32.9,58.2,51.2,10,10,21,24,16
Utah Jazz,1998,0,0.74,30.2,7.4,32.9,59.1,51.6,3,1,27,27,24
Portland Trail Blazers,1998,0,0.7,31.4,6.6,34.5,55.6,51.9,9,11,12,11,13
Indiana Pacers,1998,0,0.66,29.0,4.3,31.0,52.6,49.5,1,5,17,4,21
Miami Heat,1998,0,0.66,30.2,5.8,29.9,56.0,50.3,7,3,28,5,27
Orlando Magic,1998,0,0.66,28.9,2.6,36.0,51.9,51.8,19,21,13,14,7
Atlanta Hawks,1998,0,0.62,30.0,3.1,35.3,52.5,52.7,21,25,23,20,9
Houston Rockets,1998,0,0.62,30.8,2.5,31.2,52.3,50.6,5,2,22,1,26
Los Angeles Lakers,1998,0,0.62,29.6,3.3,32.3,52.7,50.0,2,4,15,12,17
Detroit Pistons,1998,0,0.58,28.2,4.0,33.1,51.5,51.4,11,8,25,10,18
Milwaukee Bucks,1998,0,0.56,27.4,1.8,31.2,51.2,48.4,8,7,20,13,23
Philadelphia 76ers,1998,0,0.56,28.6,2.4,35.6,51.8,51.5,24,24,16,29,3
New York Knicks,1998,0,0.54,30.2,1.2,30.3,51.5,49.4,25,16,26,18,25
Phoenix Suns,1998,0,0.54,28.4,2.2,30.6,52.9,48.9,4,9,7,9,19
Sacramento Kings,1998,0,0.54,31.5,-0.4,32.8,49.4,49.3,13,14,2,6,6
Charlotte Hornets,1998,0,0.52,29.9,0.0,26.6,51.1,48.2,14,6,24,8,28
Minnesota Timberwolves,1998,0,0.5,27.8,0.5,34.8,49.3,50.1,16,27,1,28,2
Seattle SuperSonics,1998,0,0.5,28.4,-0.9,34.4,49.0,50.6,6,13,10,2,10
Toronto Raptors,1998,0,0.46,28.9,-1.9,35.9,48.9,51.5,17,18,14,15,5
Cleveland Cavaliers,1998,0,0.44,26.3,-1.9,29.5,49.3,47.8,23,12,29,21,29
Golden State Warriors,1998,0,0.42,31.2,-2.9,36.7,46.6,52.3,28,28,3,25,1
Boston Celtics,1998,0,0.38,29.2,-2.1,33.0,47.3,49.3,20,20,4,7,8
Dallas Mavericks,1998,0,0.38,29.6,-2.7,32.1,47.4,49.5,15,19,6,19,14
Washington Wizards,1998,0,0.36,28.1,-2.3,30.8,47.6,48.8,18,17,11,22,20
New Jersey Nets,1998,0,0.32,28.7,-4.2,32.8,46.6,49.6,27,26,5,16,4
Denver Nuggets,1998,0,0.28,27.8,-7.3,31.9,44.2,48.3,12,15,9,3,15
Chicago Bulls,1998,0,0.26,27.9,-10.4,29.9,42.0,48.2,29,29,19,23,22
Los Angeles Clippers,1998,0,0.18,25.9,-9.6,33.2,40.2,48.0,22,23,8,17,11
Vancouver Grizzlies,1998,0,0.16,27.2,-9.3,34.2,42.7,49.0,26,22,18,26,12
Los Angeles Lakers,1999,1,0.817,33.4,9.0,32.4,57.3,51.8,5,14,11,17,5
Portland Trail Blazers,1999,0,0.72,31.2,6.9,33.5,55.9,52.3,2,3,25,14,20
Indiana Pacers,1999,0,0.683,31.9,5.1,27.6,53.4,49.2,1,1,20,1,28
Utah Jazz,1999,0,0.671,29.6,4.6,32.9,55.1,51.6,4,4,27,23,22
Phoenix Suns,1999,0,0.646,31.2,5.4,31.6,54.2,50.0,15,9,14,8,14
San Antonio Spurs,1999,0,0.646,32.5,6.4,30.1,55.6,51.2,11,7,26,24,24
Miami Heat,1999,0,0.634,31.9,3.1,30.4,54.3,50.8,17,8,23,9,25
Minnesota Timberwolves,1999,0,0.61,30.1,2.5,31.8,53.1,50.7,8,15,6,28,15
New York Knicks,1999,0,0.61,30.7,1.5,27.7,50.7,49.6,22,12,28,16,29
Charlotte Hornets,1999,0,0.598,32.1,2.8,28.3,54.1,50.1,18,11,22,20,27
Philadelphia 76ers,1999,0,0.598,30.1,1.5,33.5,50.8,50.4,25,26,15,29,2
Seattle SuperSonics,1999,0,0.549,30.3,1.0,31.2,49.6,49.1,9,18,5,3,11
Toronto Raptors,1999,0,0.549,29.9,-0.1,32.4,50.0,49.9,16,24,8,11,7
Sacramento Kings,1999,0,0.537,32.1,2.9,30.8,51.3,49.3,10,13,1,4,10
Detroit Pistons,1999,0,0.512,30.0,1.4,29.5,50.6,49.5,6,2,21,10,26
Milwaukee Bucks,1999,0,0.512,28.9,0.3,32.7,49.8,49.7,3,5,12,15,16
Orlando Magic,1999,0,0.5,31.0,0.8,34.4,49.7,50.6,21,22,4,26,3
Dallas Mavericks,1999,0,0.488,29.8,-0.5,28.1,49.3,46.6,7,10,3,5,23
Boston Celtics,1999,0,0.427,29.5,-1.1,32.7,47.6,50.6,13,19,9,13,6
Denver Nuggets,1999,0,0.427,31.6,-2.3,32.1,48.3,50.4,19,20,7,7,8
Houston Rockets,1999,0,0.415,31.5,-0.8,32.1,49.0,50.8,12,6,19,2,17
Cleveland Cavaliers,1999,0,0.39,30.5,-3.5,30.8,47.5,49.6,26,23,17,18,18
New Jersey Nets,1999,0,0.378,28.2,-1.1,29.8,47.9,47.2,14,21,10,6,12
Washington Wizards,1999,0,0.354,29.7,-3.4,32.9,47.1,50.6,20,17,18,21,9
Atlanta Hawks,1999,0,0.341,31.3,-5.7,33.4,46.2,51.6,24,25,13,27,4
Vancouver Grizzlies,1999,0,0.268,28.3,-6.0,32.6,45.7,50.1,23,16,24,25,19
Golden State Warriors,1999,0,0.232,29.7,-8.4,34.6,43.1,49.9,27,29,2,19,1
Chicago Bulls,1999,0,0.207,28.3,-10.0,33.1,41.7,49.9,29,28,29,22,13
Los Angeles Clippers,1999,0,0.183,29.0,-11.9,28.6,41.1,47.4,28,27,16,12,21
San Antonio Spurs,2000,0,0.707,33.1,8.3,29.7,57.3,51.1,6,4,27,10,24
Los Angeles Lakers,2000,1,0.683,31.5,3.5,33.8,53.2,51.7,1,7,11,11,4
Philadelphia 76ers,2000,0,0.683,31.7,4.6,33.4,53.6,52.3,14,14,19,28,5
Sacramento Kings,2000,0,0.671,33.0,5.7,30.7,54.0,49.7,10,9,2,7,14
Dallas Mavericks,2000,0,0.646,31.4,4.4,27.2,52.3,48.1,4,2,10,3,27
Utah Jazz,2000,0,0.646,29.1,5.2,33.2,54.8,51.9,3,1,26,21,19
Milwaukee Bucks,2000,0,0.634,30.5,4.2,30.1,51.9,49.4,2,3,8,2,15
Phoenix Suns,2000,0,0.622,30.8,2.3,30.5,52.1,50.0,23,23,9,22,16
Miami Heat,2000,0,0.61,29.7,2.3,28.0,52.3,49.0,20,15,28,8,28
Portland Trail Blazers,2000,0,0.61,30.3,4.2,33.3,54.4,52.2,7,5,24,16,17
New York Knicks,2000,0,0.585,30.8,3.0,27.6,52.0,49.8,18,10,29,13,29
Minnesota Timberwolves,2000,0,0.573,30.1,1.6,31.5,51.8,49.8,11,11,6,25,12
Toronto Raptors,2000,0,0.573,30.8,2.3,33.9,52.2,51.5,8,20,3,12,2
Charlotte Hornets,2000,0,0.561,31.8,2.1,31.5,52.7,51.3,19,24,17,19,8
Houston Rockets,2000,0,0.549,30.8,2.4,30.5,50.9,50.2,5,6,18,5,21
Seattle SuperSonics,2000,0,0.537,29.5,0.2,32.1,49.4,49.6,9,8,13,9,13
Orlando Magic,2000,0,0.524,29.9,1.0,32.1,49.5,48.9,13,18,7,6,6
Indiana Pacers,2000,0,0.5,31.6,-0.2,29.7,51.0,49.7,15,13,23,14,22
Denver Nuggets,2000,0,0.488,31.5,-2.8,30.6,48.0,49.7,12,19,4,4,7
Boston Celtics,2000,0,0.439,28.9,-2.2,28.0,46.8,47.8,17,12,20,1,25
Detroit Pistons,2000,0,0.39,32.0,-1.8,32.5,48.0,50.5,24,27,5,15,3
Los Angeles Clippers,2000,0,0.378,31.2,-2.9,32.2,47.6,50.6,16,16,21,17,18
Cleveland Cavaliers,2000,0,0.366,29.8,-4.2,33.1,46.9,50.5,22,22,15,29,10
New Jersey Nets,2000,0,0.317,28.5,-5.4,29.2,44.6,47.7,25,25,14,18,23
Atlanta Hawks,2000,0,0.305,30.4,-5.5,31.3,45.2,50.1,27,26,12,20,9
Vancouver Grizzlies,2000,0,0.28,29.6,-6.0,29.3,46.5,48.4,26,21,16,23,26
Washington Wizards,2000,0,0.232,28.9,-6.8,32.8,45.3,50.2,21,17,22,26,11
Golden State Warriors,2000,0,0.207,29.1,-9.2,35.7,42.7,50.4,28,29,1,27,1
Chicago Bulls,2000,0,0.183,27.6,-10.0,30.2,43.2,48.0,29,28,25,24,20
Sacramento Kings,2001,0,0.744,33.0,8.1,30.6,55.2,50.2,3,5,1,12,15
Los Angeles Lakers,2001,1,0.707,31.8,7.6,31.1,54.9,50.1,2,7,8,6,13
San Antonio Spurs,2001,0,0.707,31.3,6.9,30.1,55.4,50.1,8,6,28,11,24
Dallas Mavericks,2001,0,0.695,31.3,4.3,28.5,51.7,48.7,1,1,4,2,23
New Jersey Nets,2001,0,0.634,30.7,4.3,32.2,53.7,50.3,17,17,9,16,12
Detroit Pistons,2001,0,0.61,28.9,2.3,27.7,52.3,48.1,13,3,29,5,29
Minnesota Timberwolves,2001,0,0.61,31.2,3.4,34.3,52.9,52.4,4,9,5,18,9
Boston Celtics,2001,0,0.598,31.3,2.2,27.2,50.0,48.1,18,14,10,1,26
Portland Trail Blazers,2001,0,0.598,29.8,3.3,34.5,51.8,52.2,6,11,13,10,6
Seattle SuperSonics,2001,0,0.549,28.5,3.3,32.0,52.2,49.0,5,4,12,7,17
Charlotte Hornets,2001,0,0.537,30.5,1.2,33.3,51.3,51.1,14,19,19,22,10
Orlando Magic,2001,0,0.537,29.7,1.5,29.2,49.7,47.7,7,8,6,3,20
Utah Jazz,2001,0,0.537,28.6,0.9,36.2,53.0,52.1,11,10,27,28,4
Philadelphia 76ers,2001,0,0.524,30.9,1.8,34.1,52.0,52.3,23,22,25,29,5
Indiana Pacers,2001,0,0.512,31.3,0.4,30.2,51.0,49.9,16,12,20,17,21
Toronto Raptors,2001,0,0.512,28.5,-0.6,34.3,49.6,50.3,22,24,11,19,2
Milwaukee Bucks,2001,0,0.5,31.2,-0.3,28.7,50.2,49.1,9,2,21,4,28
Los Angeles Clippers,2001,0,0.476,30.2,-0.4,34.9,49.5,51.2,10,15,14,15,7
Washington Wizards,2001,0,0.451,29.2,-1.6,32.8,48.6,50.4,15,21,15,26,11
Miami Heat,2001,0,0.439,31.0,-1.7,29.7,50.1,50.5,27,25,26,25,25
Phoenix Suns,2001,0,0.439,29.6,-0.7,32.7,48.6,49.8,19,20,3,21,8
Atlanta Hawks,2001,0,0.402,29.8,-4.4,29.7,46.5,49.1,24,16,17,13,19
New York Knicks,2001,0,0.366,30.0,-4.2,29.2,46.6,48.9,25,18,23,9,27
Cleveland Cavaliers,2001,0,0.354,30.3,-3.6,31.9,48.2,50.5,12,13,18,20,18
Houston Rockets,2001,0,0.341,29.4,-5.4,32.7,45.8,49.7,20,23,16,8,14
Denver Nuggets,2001,0,0.329,28.2,-6.3,34.1,44.2,49.7,26,29,7,14,3
Memphis Grizzlies,2001,0,0.28,29.4,-8.0,30.5,45.6,48.3,29,26,22,23,16
Chicago Bulls,2001,0,0.256,28.8,-9.1,29.8,43.6,48.7,28,27,24,27,22
Golden State Warriors,2001,0,0.256,30.4,-5.6,37.3,45.6,51.6,21,28,2,24,1
Dallas Mavericks,2002,0,0.732,31.0,8.3,27.7,54.6,47.8,1,1,2,2,24
San Antonio Spurs,2002,1,0.732,31.2,5.8,31.1,54.9,50.8,8,3,27,11,20
Sacramento Kings,2002,0,0.72,33.5,6.6,28.9,55.1,49.3,6,5,1,7,25
Minnesota Timberwolves,2002,0,0.622,31.9,2.2,31.0,52.9,50.8,5,7,5,24,16
Detroit Pistons,2002,0,0.61,29.8,4.2,29.4,52.5,49.9,15,14,28,6,26
Los Angeles Lakers,2002,0,0.61,31.1,2.2,32.8,52.0,50.9,4,8,4,8,5
Portland Trail Blazers,2002,0,0.61,29.0,2.7,33.8,51.5,51.5,7,6,22,19,13
New Jersey Nets,2002,0,0.598,30.8,5.4,31.7,54.4,51.0,20,18,18,22,14
Indiana Pacers,2002,0,0.585,32.0,3.5,31.8,53.8,50.9,12,15,16,20,12
Philadelphia 76ers,2002,0,0.585,29.5,2.6,32.4,51.6,50.9,13,17,15,27,7
New Orleans Hornets,2002,0,0.573,30.2,2.4,34.5,51.7,51.8,16,25,12,15,4
Utah Jazz,2002,0,0.573,29.0,2.6,35.3,55.1,51.9,9,4,29,29,8
Boston Celtics,2002,0,0.537,30.1,-0.6,26.6,48.0,47.4,24,20,21,1,28
Phoenix Suns,2002,0,0.537,29.8,1.3,32.3,49.8,49.6,14,21,6,17,6
Houston Rockets,2002,0,0.524,31.3,1.5,33.1,51.1,51.8,17,16,24,12,9
Milwaukee Bucks,2002,0,0.512,28.9,0.3,28.7,49.5,47.7,2,2,13,4,27
Orlando Magic,2002,0,0.512,29.2,0.0,30.0,48.2,48.5,10,11,7,5,17
Seattle SuperSonics,2002,0,0.488,29.1,-0.2,31.4,50.2,49.7,18,23,17,10,18
Golden State Warriors,2002,0,0.463,31.0,-1.3,37.1,49.2,51.8,3,12,3,13,1
New York Knicks,2002,0,0.451,29.0,-1.3,28.0,47.4,48.0,11,9,10,3,29
Washington Wizards,2002,0,0.451,29.2,-1.1,30.5,49.8,49.6,21,22,26,26,23
Atlanta Hawks,2002,0,0.427,31.2,-3.8,30.0,48.3,49.9,23,10,25,16,22
Chicago Bulls,2002,0,0.366,31.0,-5.1,30.7,45.7,49.2,26,24,11,21,15
Memphis Grizzlies,2002,0,0.341,30.1,-3.5,30.1,48.2,48.2,19,13,9,9,21
Los Angeles Clippers,2002,0,0.329,30.0,-4.0,31.6,47.0,49.6,22,19,23,18,11
Miami Heat,2002,0,0.305,30.0,-5.8,30.6,45.6,50.1,27,28,20,23,19
Toronto Raptors,2002,0,0.293,28.7,-6.3,31.8,44.7,49.1,25,26,14,14,10
Cleveland Cavaliers,2002,0,0.207,31.0,-9.9,33.8,43.1,51.3,28,27,8,25,2
Denver Nuggets,2002,0,0.207,28.8,-8.9,34.5,42.5,51.1,29,29,19,28,3
Indiana Pacers,2003,0,0.744,29.9,6.3,32.0,53.9,51.1,8,10,25,9,17
Minnesota Timberwolves,2003,0,0.707,32.3,5.7,30.3,55.4,50.7,5,5,14,25,25
San Antonio Spurs,2003,0,0.695,32.5,7.9,31.9,56.6,51.6,14,19,20,17,11
Los Angeles Lakers,2003,0,0.683,30.9,4.1,31.3,53.8,50.6,6,8,7,22,13
Sacramento Kings,2003,0,0.671,30.4,5.4,29.2,54.4,48.8,2,1,6,2,24
Detroit Pistons,2003,1,0.659,30.4,6.5,33.2,55.8,51.2,19,20,26,23,12
Dallas Mavericks,2003,0,0.634,31.0,4.5,33.5,52.7,50.7,1,3,1,6,1
Memphis Grizzlies,2003,0,0.61,29.0,2.6,32.5,52.2,48.9,7,9,9,10,8
New Jersey Nets,2003,0,0.573,30.2,2.6,28.9,53.3,50.1,25,14,23,20,26
Houston Rockets,2003,0,0.549,32.3,1.9,30.5,51.3,51.6,22,6,28,5,28
Denver Nuggets,2003,0,0.524,29.1,1.0,33.7,50.5,49.8,9,12,2,26,7
Miami Heat,2003,0,0.512,30.0,0.3,30.7,49.6,50.4,17,21,21,7,20
Utah Jazz,2003,0,0.512,27.7,-1.3,37.3,49.3,52.9,21,22,29,28,5
Milwaukee Bucks,2003,0,0.5,30.5,1.1,30.8,51.0,49.9,4,7,10,19,18
New Orleans Hornets,2003,0,0.5,29.5,0.1,33.2,49.1,50.2,15,23,11,4,6
Portland Trail Blazers,2003,0,0.5,29.0,-1.5,34.4,48.8,50.7,10,15,19,21,10
New York Knicks,2003,0,0.476,31.0,-1.6,30.7,48.8,50.8,23,11,17,18,19
Golden State Warriors,2003,0,0.451,30.9,-1.1,31.2,49.1,50.3,12,13,18,12,14
Seattle SuperSonics,2003,0,0.451,28.3,-0.8,30.2,49.1,47.9,3,2,12,1,23
Boston Celtics,2003,0,0.439,29.8,-1.5,27.9,49.0,47.3,16,4,22,3,27
Cleveland Cavaliers,2003,0,0.427,31.9,-2.6,34.0,49.1,51.4,18,27,4,29,3
Philadelphia 76ers,2003,0,0.402,29.4,-2.6,31.3,48.4,49.8,26,24,27,24,21
Toronto Raptors,2003,0,0.402,29.5,-3.4,27.0,47.6,47.1,29,28,24,8,29
Phoenix Suns,2003,0,0.354,29.3,-3.8,29.7,46.6,47.9,20,16,8,15,22
Atlanta Hawks,2003,0,0.341,30.6,-4.8,30.8,46.6,50.0,24,17,16,16,16
Los Angeles Clippers,2003,0,0.341,29.5,-4.7,36.2,46.4,51.7,11,18,13,27,2
Washington Wizards,2003,0,0.305,29.2,-5.7,33.3,44.1,49.6,27,26,15,11,4
Chicago Bulls,2003,0,0.28,30.7,-6.5,31.1,44.6,49.1,28,29,5,13,9
Orlando Magic,2003,0,0.256,28.7,-7.4,31.5,43.4,48.1,13,25,3,14,15
Phoenix Suns,2004,0,0.756,32.3,7.0,30.4,54.6,49.0,1,1,2,1,18
Miami Heat,2004,0,0.72,32.2,6.7,29.7,55.6,50.8,3,2,26,14,25
San Antonio Spurs,2004,1,0.72,30.4,8.3,32.1,56.5,51.0,8,11,21,11,15
Dallas Mavericks,2004,0,0.707,30.9,5.9,31.9,53.7,50.0,5,5,7,15,14
Detroit Pistons,2004,0,0.659,30.6,4.3,34.0,54.2,51.8,18,23,22,22,6
Seattle SuperSonics,2004,0,0.634,28.2,2.3,35.7,50.4,51.7,2,4,20,2,8
Houston Rockets,2004,0,0.622,31.7,4.3,30.1,52.7,51.2,16,12,23,6,27
Sacramento Kings,2004,0,0.61,29.9,2.3,31.5,52.2,49.1,4,6,3,9,10
Denver Nuggets,2004,0,0.598,30.2,2.2,31.3,53.1,49.7,14,8,14,24,19
Chicago Bulls,2004,0,0.573,31.6,1.4,31.7,49.8,50.6,26,25,16,12,13
Boston Celtics,2004,0,0.549,29.7,0.8,30.5,50.5,49.4,9,3,19,17,23
Memphis Grizzlies,2004,0,0.549,28.1,2.7,30.8,51.5,48.7,17,9,29,8,26
Washington Wizards,2004,0,0.549,29.0,-0.4,33.8,48.5,49.7,10,21,5,10,1
Indiana Pacers,2004,0,0.537,29.5,1.0,29.6,50.4,49.4,20,13,30,7,28
Minnesota Timberwolves,2004,0,0.537,31.5,1.6,32.1,51.8,50.8,6,14,12,21,22
Philadelphia 76ers,2004,0,0.524,30.9,-0.7,28.1,49.3,49.1,25,18,6,13,24
Cleveland Cavaliers,2004,0,0.512,28.7,0.6,35.4,51.0,51.0,12,24,8,27,2
New Jersey Nets,2004,0,0.512,29.1,-1.7,29.8,49.0,49.5,27,26,24,18,29
Los Angeles Clippers,2004,0,0.451,29.9,-0.8,33.8,51.8,51.8,19,15,27,30,16
Orlando Magic,2004,0,0.439,31.0,-2.3,32.8,48.9,50.7,21,17,9,25,9
Golden State Warriors,2004,0,0.415,29.7,-2.2,30.3,47.3,47.7,22,27,1,5,5
Los Angeles Lakers,2004,0,0.415,30.6,-3.2,32.4,46.8,50.3,7,10,13,3,11
New York Knicks,2004,0,0.402,29.2,-2.7,31.6,47.5,49.8,15,16,15,16,20
Toronto Raptors,2004,0,0.402,29.8,-1.8,26.9,47.9,47.3,11,7,11,4,30
Milwaukee Bucks,2004,0,0.366,29.3,-3.0,32.2,47.8,50.3,13,19,17,23,17
Portland Trail Blazers,2004,0,0.329,29.3,-4.3,33.1,47.5,49.6,24,20,25,19,21
Utah Jazz,2004,0,0.317,27.4,-4.4,35.1,47.5,51.8,23,22,28,29,7
Charlotte Bobcats,2004,0,0.22,28.5,-6.2,32.7,46.0,49.2,28,29,4,26,4
New Orleans Hornets,2004,0,0.22,27.8,-7.7,32.9,43.7,49.4,30,30,18,20,12
Atlanta Hawks,2004,0,0.159,28.5,-10.2,32.6,42.2,50.2,29,28,10,28,3
Detroit Pistons,2005,0,0.78,28.6,7.6,31.7,55.7,49.7,4,16,11,6,9
San Antonio Spurs,2005,0,0.768,31.1,7.5,28.9,55.4,50.5,10,7,20,10,22
Dallas Mavericks,2005,0,0.732,29.6,6.7,34.7,55.1,52.2,2,5,18,21,3
Phoenix Suns,2005,0,0.659,32.3,5.4,25.6,54.7,48.0,1,1,1,1,30
Miami Heat,2005,1,0.634,32.6,4.1,29.7,53.8,51.9,7,2,19,12,20
Cleveland Cavaliers,2005,0,0.61,30.6,2.1,31.3,51.0,51.4,9,12,17,13,11
Memphis Grizzlies,2005,0,0.598,29.0,4.1,29.8,51.6,49.6,16,15,30,5,25
New Jersey Nets,2005,0,0.598,31.0,1.5,27.4,51.3,50.1,24,22,23,16,27
Los Angeles Clippers,2005,0,0.573,33.0,1.6,28.6,52.3,51.3,19,10,15,30,26
Los Angeles Lakers,2005,0,0.549,30.3,2.6,31.6,51.8,50.7,8,11,9,8,10
Denver Nuggets,2005,0,0.537,30.3,0.3,30.0,51.2,49.4,17,17,6,24,14
Sacramento Kings,2005,0,0.537,30.2,1.8,28.9,51.5,49.5,11,8,13,15,23
Washington Wizards,2005,0,0.512,28.6,1.9,32.9,50.3,49.9,6,13,7,14,4
Chicago Bulls,2005,0,0.5,31.7,0.7,30.3,50.1,50.3,21,23,4,7,15
Indiana Pacers,2005,0,0.5,31.2,2.0,30.4,51.4,50.6,22,21,24,9,16
Utah Jazz,2005,0,0.5,29.0,-2.7,35.6,49.7,52.6,25,26,27,26,1
Milwaukee Bucks,2005,0,0.488,29.9,-1.0,30.9,48.6,50.7,13,18,10,11,12
New Orleans/Oklahoma City Hornets,2005,0,0.463,29.0,-2.8,29.7,48.4,49.7,26,28,16,28,13
Philadelphia 76ers,2005,0,0.463,29.6,-1.8,28.5,49.2,48.1,15,14,12,22,19
Orlando Magic,2005,0,0.439,29.3,-1.3,33.0,49.5,51.6,12,9,29,29,17
Seattle SuperSonics,2005,0,0.427,27.2,-3.3,34.0,46.7,49.5,3,3,5,3,6
Golden State Warriors,2005,0,0.415,30.3,-1.4,29.6,47.5,48.5,20,25,3,2,8
Houston Rockets,2005,0,0.415,31.3,-1.7,29.1,49.0,50.1,29,27,26,17,24
Boston Celtics,2005,0,0.402,29.7,-1.5,28.9,48.5,49.7,18,4,22,18,28
Minnesota Timberwolves,2005,0,0.402,29.5,-2.0,29.6,50.3,49.0,27,24,21,27,29
Toronto Raptors,2005,0,0.329,27.9,-3.2,28.6,45.9,48.4,5,6,8,4,21
Atlanta Hawks,2005,0,0.317,27.2,-5.3,33.4,46.2,49.6,14,19,14,19,2
Charlotte Bobcats,2005,0,0.317,27.7,-4.4,30.5,46.3,47.9,28,30,2,20,7
New York Knicks,2005,0,0.28,28.8,-6.6,34.2,44.4,51.8,23,20,28,25,5
Portland Trail Blazers,2005,0,0.256,26.9,-10.7,30.8,42.4,48.0,30,29,25,23,18
Dallas Mavericks,2006,0,0.817,30.7,7.6,32.0,55.2,52.2,2,3,20,8,15
Phoenix Suns,2006,0,0.744,31.5,7.4,26.2,56.1,48.4,1,1,2,1,30
San Antonio Spurs,2006,1,0.707,31.4,9.2,27.9,56.9,50.5,4,2,27,6,28
Detroit Pistons,2006,0,0.646,29.0,4.8,30.7,53.3,49.3,6,21,17,22,10
Houston Rockets,2006,0,0.634,32.6,4.9,28.7,52.9,50.8,15,17,15,2,22
Utah Jazz,2006,0,0.622,30.0,3.0,35.2,53.1,53.4,5,6,18,26,2
Cleveland Cavaliers,2006,0,0.61,30.8,3.8,32.7,52.0,51.8,16,29,9,15,1
Chicago Bulls,2006,0,0.598,31.7,5.2,31.9,53.9,51.4,20,22,7,16,8
Toronto Raptors,2006,0,0.573,30.2,1.2,25.0,51.4,48.1,12,7,13,9,29
Denver Nuggets,2006,0,0.549,31.2,1.7,32.2,51.4,50.2,8,8,4,17,5
Miami Heat,2006,0,0.537,30.8,-1.2,27.9,50.8,49.3,24,15,29,11,24
Golden State Warriors,2006,0,0.512,29.9,-0.3,28.5,48.9,47.2,9,9,1,3,11
Los Angeles Lakers,2006,0,0.512,30.4,-0.2,30.0,49.9,49.6,7,5,8,4,20
New Jersey Nets,2006,0,0.5,30.8,-0.9,27.5,49.9,49.6,18,10,24,5,25
Washington Wizards,2006,0,0.5,29.0,-0.4,31.2,48.5,48.9,3,14,3,7,6
Los Angeles Clippers,2006,0,0.488,30.3,-0.4,30.7,50.9,51.3,21,19,28,29,21
Orlando Magic,2006,0,0.488,29.5,0.8,33.3,50.2,51.9,19,12,30,27,16
New Orleans/Oklahoma City Hornets,2006,0,0.476,30.6,-1.6,31.8,48.5,51.4,23,30,6,23,4
Indiana Pacers,2006,0,0.427,29.8,-2.5,32.1,48.5,50.3,30,27,12,18,7
Philadelphia 76ers,2006,0,0.427,28.7,-3.2,30.6,48.9,49.3,25,23,22,30,19
Charlotte Bobcats,2006,0,0.402,28.6,-3.9,29.9,47.1,48.5,26,26,10,21,17
New York Knicks,2006,0,0.402,30.7,-3.1,33.7,47.1,52.7,17,18,26,19,3
Sacramento Kings,2006,0,0.402,29.2,-1.6,26.7,48.5,47.7,14,11,14,10,27
Minnesota Timberwolves,2006,0,0.39,30.2,-4.0,29.2,48.7,50.0,27,20,16,25,26
Portland Trail Blazers,2006,0,0.39,28.0,-4.8,32.6,45.9,50.7,22,24,23,24,13
Seattle SuperSonics,2006,0,0.378,28.3,-3.0,31.2,47.4,49.2,11,13,11,12,14
Atlanta Hawks,2006,0,0.366,28.2,-5.1,32.8,46.6,49.9,29,28,25,28,9
Milwaukee Bucks,2006,0,0.341,27.7,-4.3,30.6,45.6,47.9,10,16,5,13,12
Boston Celtics,2006,0,0.293,29.2,-3.5,30.9,45.9,50.2,28,25,19,20,18
Memphis Grizzlies,2006,0,0.268,29.0,-5.2,29.1,46.2,48.6,13,4,21,14,23
Boston Celtics,2007,1,0.805,31.9,10.8,30.6,58.1,51.8,11,5,30,8,23
Detroit Pistons,2007,0,0.72,29.5,8.3,32.7,55.2,51.3,7,14,20,22,10
Los Angeles Lakers,2007,0,0.695,33.2,7.3,29.7,55.1,50.7,3,4,6,5,17
New Orleans Hornets,2007,0,0.683,30.4,5.6,30.0,52.6,50.6,6,10,8,6,14
San Antonio Spurs,2007,0,0.683,31.9,5.3,26.8,53.3,50.3,14,12,28,9,27
Houston Rockets,2007,0,0.671,32.4,4.8,32.3,53.5,51.9,17,20,14,10,9
Phoenix Suns,2007,0,0.671,32.7,5.0,25.3,55.6,48.1,2,1,9,4,30
Utah Jazz,2007,0,0.659,29.4,7.2,32.7,55.6,52.1,1,3,18,26,13
Orlando Magic,2007,0,0.634,32.6,5.6,27.4,52.9,50.1,4,2,26,1,28
Dallas Mavericks,2007,0,0.622,32.2,4.8,30.0,53.6,51.4,8,8,24,19,21
Denver Nuggets,2007,0,0.61,32.9,3.4,29.2,52.9,49.4,9,6,2,13,15
Golden State Warriors,2007,0,0.585,30.4,1.9,30.1,49.6,48.1,5,11,1,2,5
Cleveland Cavaliers,2007,0,0.549,31.3,-0.6,33.4,49.0,51.8,20,25,15,14,1
Washington Wizards,2007,0,0.524,29.3,-0.3,32.0,48.8,50.3,12,16,16,11,7
Portland Trail Blazers,2007,0,0.5,29.7,-0.8,30.3,49.5,49.5,15,18,23,15,18
Toronto Raptors,2007,0,0.5,30.4,3.3,26.9,51.9,48.9,10,9,13,12,26
Philadelphia 76ers,2007,0,0.488,28.9,0.5,35.1,50.0,51.5,18,22,17,30,2
Sacramento Kings,2007,0,0.463,30.0,-2.4,29.0,48.3,49.3,13,7,19,17,24
Atlanta Hawks,2007,0,0.451,29.9,-1.8,32.9,49.8,50.6,16,17,21,27,8
Indiana Pacers,2007,0,0.439,32.1,-1.2,27.8,48.5,48.7,19,13,4,3,19
New Jersey Nets,2007,0,0.415,30.7,-5.4,30.0,47.5,50.2,27,21,25,18,16
Chicago Bulls,2007,0,0.402,30.2,-3.1,32.5,48.0,50.0,25,29,5,23,4
Charlotte Bobcats,2007,0,0.39,29.8,-4.5,29.4,46.9,48.3,23,19,22,16,20
Milwaukee Bucks,2007,0,0.317,28.8,-7.2,33.2,45.2,50.6,21,23,11,24,3
Los Angeles Clippers,2007,0,0.28,30.4,-7.5,26.7,46.1,48.4,28,26,27,28,25
New York Knicks,2007,0,0.28,30.0,-6.8,32.1,44.0,50.2,24,27,10,20,6
Memphis Grizzlies,2007,0,0.268,31.3,-6.3,27.7,45.1,48.9,22,15,12,7,22
Minnesota Timberwolves,2007,0,0.268,29.6,-7.3,31.4,43.5,50.1,26,28,7,25,11
Seattle SuperSonics,2007,0,0.244,32.8,-8.6,30.5,45.0,50.2,29,30,3,29,12
Miami Heat,2007,0,0.183,28.6,-9.4,26.4,44.5,47.0,30,24,29,21,29
Cleveland Cavaliers,2008,0,0.805,31.4,9.6,30.6,55.9,51.2,4,4,24,3,18
Los Angeles Lakers,2008,1,0.793,31.5,7.9,32.6,54.7,51.4,3,6,4,14,3
Boston Celtics,2008,0,0.756,31.5,7.9,31.4,56.2,52.4,5,2,28,18,20
Orlando Magic,2008,0,0.72,33.3,7.1,27.3,54.5,50.2,9,5,26,1,27
Denver Nuggets,2008,0,0.659,30.6,3.4,31.1,52.9,50.3,6,3,22,15,15
Portland Trail Blazers,2008,0,0.659,28.8,6.0,35.5,53.1,52.8,2,8,23,8,1
San Antonio Spurs,2008,0,0.659,32.2,4.2,25.8,52.3,50.2,12,11,18,6,30
Houston Rockets,2008,0,0.646,32.5,4.2,30.8,53.0,51.7,16,12,21,7,22
Dallas Mavericks,2008,0,0.61,31.6,2.0,29.7,52.2,50.4,7,9,6,12,13
New Orleans Hornets,2008,0,0.598,29.9,1.8,28.2,51.5,49.6,13,13,27,13,28
Utah Jazz,2008,0,0.585,29.5,2.7,31.6,53.5,50.5,8,7,16,26,11
Atlanta Hawks,2008,0,0.573,29.4,1.7,29.5,50.7,49.0,10,14,25,9,21
Phoenix Suns,2008,0,0.561,30.7,2.0,30.8,52.5,50.3,1,1,11,16,16
Miami Heat,2008,0,0.524,29.4,0.3,28.2,50.5,48.4,18,21,15,10,26
Chicago Bulls,2008,0,0.5,30.3,-0.3,32.1,49.9,49.8,14,20,5,22,7
Philadelphia 76ers,2008,0,0.5,28.5,0.2,34.2,50.3,50.8,20,24,19,29,2
Detroit Pistons,2008,0,0.476,29.9,-0.6,31.1,49.6,50.8,21,27,17,28,9
Indiana Pacers,2008,0,0.439,32.5,-1.0,29.1,48.9,49.8,15,15,2,4,12
Charlotte Bobcats,2008,0,0.427,28.9,-1.3,32.1,49.5,50.4,27,22,30,23,19
Milwaukee Bucks,2008,0,0.415,28.9,-1.1,31.0,48.5,49.6,23,25,8,21,5
New Jersey Nets,2008,0,0.415,29.5,-2.7,28.8,47.4,49.3,19,17,20,5,23
Toronto Raptors,2008,0,0.402,30.6,-3.0,27.6,49.2,49.3,22,18,13,24,29
New York Knicks,2008,0,0.39,31.0,-2.5,27.7,46.7,48.0,17,16,1,2,14
Golden State Warriors,2008,0,0.354,30.4,-3.7,29.3,47.8,47.3,11,10,3,17,10
Memphis Grizzlies,2008,0,0.293,28.5,-6.0,29.7,45.7,49.5,28,23,29,25,24
Minnesota Timberwolves,2008,0,0.293,29.8,-5.0,32.1,45.3,51.1,24,26,7,19,6
Oklahoma City Thunder,2008,0,0.28,30.5,-6.2,30.9,46.4,50.8,29,29,9,30,4
Los Angeles Clippers,2008,0,0.232,29.0,-9.2,28.7,44.1,47.9,30,30,10,20,17
Washington Wizards,2008,0,0.232,28.4,-8.1,31.3,44.8,49.5,26,28,14,27,8
Sacramento Kings,2008,0,0.207,28.9,-9.0,28.9,44.0,47.7,25,19,12,11,25
Cleveland Cavaliers,2009,0,0.744,32.8,6.8,29.3,55.2,51.9,5,3,28,8,27
Orlando Magic,2009,0,0.72,33.4,7.9,28.0,55.1,51.2,4,2,27,1,25
Los Angeles Lakers,2009,1,0.695,32.5,4.9,31.4,52.9,51.2,11,16,7,13,3
Dallas Mavericks,2009,0,0.671,31.5,2.8,27.9,53.4,49.3,10,9,14,10,23
Phoenix Suns,2009,0,0.659,31.9,4.8,31.1,53.6,50.3,1,1,13,3,14
Atlanta Hawks,2009,0,0.646,29.9,4.9,32.0,52.3,50.2,2,14,12,14,5
Denver Nuggets,2009,0,0.646,30.5,4.4,30.4,52.4,49.8,3,7,17,12,17
Utah Jazz,2009,0,0.646,31.6,5.7,31.3,55.0,52.0,7,4,23,23,20
Boston Celtics,2009,0,0.61,29.9,3.7,27.4,54.0,49.3,15,5,30,16,30
Oklahoma City Thunder,2009,0,0.61,31.8,3.5,32.0,53.2,51.1,13,11,20,25,9
Portland Trail Blazers,2009,0,0.61,29.1,3.5,32.0,52.5,51.0,8,12,26,17,15
San Antonio Spurs,2009,0,0.61,32.0,5.4,30.3,53.2,51.5,9,10,18,11,18
Miami Heat,2009,0,0.573,31.1,2.4,29.4,52.2,50.0,19,18,25,18,19
Milwaukee Bucks,2009,0,0.561,31.2,2.1,29.8,49.5,50.1,23,27,2,5,6
Charlotte Bobcats,2009,0,0.537,30.4,1.9,31.5,51.8,51.0,24,17,29,22,21
Houston Rockets,2009,0,0.512,30.1,0.0,30.9,48.9,49.8,16,19,3,6,7
Chicago Bulls,2009,0,0.5,33.1,-1.6,30.3,50.0,50.9,27,26,10,29,12
Memphis Grizzlies,2009,0,0.488,30.4,-1.5,35.5,48.6,52.3,12,20,8,30,1
Toronto Raptors,2009,0,0.488,30.6,-2.0,28.8,48.9,49.5,6,6,19,15,26
New Orleans Hornets,2009,0,0.451,29.9,-2.4,28.2,48.4,48.6,17,15,9,9,22
Indiana Pacers,2009,0,0.39,31.9,-3.0,25.5,47.6,47.3,26,21,11,4,28
Los Angeles Clippers,2009,0,0.354,30.5,-6.8,30.5,46.5,50.0,28,23,21,19,13
New York Knicks,2009,0,0.354,30.2,-4.0,26.8,47.4,47.6,18,13,6,2,24
Detroit Pistons,2009,0,0.329,27.3,-5.9,34.6,44.8,51.0,21,29,22,27,2
Philadelphia 76ers,2009,0,0.329,29.5,-4.1,31.0,47.8,49.8,20,22,15,21,11
Golden State Warriors,2009,0,0.317,29.2,-3.3,25.4,47.0,45.3,14,8,1,7,29
Washington Wizards,2009,0,0.317,30.0,-5.3,31.7,46.2,50.1,25,25,16,24,8
Sacramento Kings,2009,0,0.305,30.7,-4.7,31.5,46.7,50.4,22,24,5,20,4
Minnesota Timberwolves,2009,0,0.183,31.2,-9.8,30.8,43.2,50.1,29,28,4,26,10
New Jersey Nets,2009,0,0.146,28.8,-9.6,28.5,42.9,47.8,30,30,24,28,16
Chicago Bulls,2010,0,0.756,32.4,7.8,33.2,55.5,52.8,12,15,22,15,6
San Antonio Spurs,2010,0,0.744,31.7,6.1,27.6,53.8,50.0,3,3,16,4,23
Miami Heat,2010,0,0.707,32.5,7.8,28.7,55.6,51.4,2,2,29,11,26
Dallas Mavericks,2010,1,0.695,31.9,4.4,27.8,53.8,50.4,9,4,24,8,28
Los Angeles Lakers,2010,0,0.695,31.9,6.3,32.5,54.1,51.3,7,11,11,12,4
Boston Celtics,2010,0,0.683,31.0,5.7,25.7,55.8,49.7,17,5,30,26,30
Oklahoma City Thunder,2010,0,0.671,31.8,3.9,30.6,52.9,50.7,5,6,17,18,15
Orlando Magic,2010,0,0.634,32.7,5.6,30.4,53.4,51.8,10,9,26,1,17
Denver Nuggets,2010,0,0.61,32.3,4.9,28.3,52.4,50.6,1,1,18,7,27
Portland Trail Blazers,2010,0,0.585,27.2,1.6,33.1,51.6,49.9,11,20,19,13,5
Memphis Grizzlies,2010,0,0.561,29.2,2.5,33.3,51.8,50.5,14,19,8,30,7
New Orleans Hornets,2010,0,0.561,30.1,1.0,28.9,50.7,50.3,18,16,27,22,24
Atlanta Hawks,2010,0,0.537,30.0,-0.7,27.4,49.3,49.4,21,14,25,17,29
Houston Rockets,2010,0,0.524,31.1,2.3,31.5,51.5,50.1,4,10,3,6,8
New York Knicks,2010,0,0.512,30.1,1.0,27.3,50.4,47.3,6,7,6,2,21
Philadelphia 76ers,2010,0,0.5,31.4,1.5,27.8,51.0,49.7,19,17,10,23,19
Phoenix Suns,2010,0,0.488,30.2,-0.8,27.5,49.4,48.0,8,8,7,3,25
Utah Jazz,2010,0,0.476,28.5,-1.8,31.4,50.0,49.6,15,12,20,24,16
Indiana Pacers,2010,0,0.451,32.4,-0.9,29.7,49.2,50.1,23,21,9,10,13
Golden State Warriors,2010,0,0.439,28.9,-2.3,30.0,47.2,47.6,13,13,1,5,10
Milwaukee Bucks,2010,0,0.427,30.2,-0.8,28.7,48.8,49.2,30,30,23,19,18
Charlotte Bobcats,2010,0,0.415,29.8,-4.2,29.8,48.0,50.2,26,24,28,27,22
Los Angeles Clippers,2010,0,0.39,30.5,-3.2,33.0,48.3,51.1,22,18,21,14,11
Detroit Pistons,2010,0,0.366,27.3,-3.7,31.7,46.4,49.1,16,22,13,20,12
New Jersey Nets,2010,0,0.293,29.8,-6.8,30.4,45.2,49.7,27,28,15,21,14
Sacramento Kings,2010,0,0.293,30.8,-5.5,33.4,46.2,51.2,25,26,4,25,2
Washington Wizards,2010,0,0.28,29.0,-7.8,31.7,44.5,48.8,29,29,5,28,3
Toronto Raptors,2010,0,0.268,28.6,-6.5,31.4,45.9,49.5,20,23,12,29,9
Cleveland Cavaliers,2010,0,0.232,29.9,-9.5,28.3,44.1,48.5,28,27,14,16,20
Minnesota Timberwolves,2010,0,0.207,31.2,-6.7,33.6,44.3,51.2,24,25,2,9,1
Chicago Bulls,2011,0,0.758,32.8,8.8,36.1,56.1,53.6,5,19,7,17,1
San Antonio Spurs,2011,0,0.758,32.6,7.7,28.2,54.6,50.7,1,2,8,2,25
Oklahoma City Thunder,2011,0,0.712,32.7,6.3,30.4,54.2,50.9,2,1,25,9,19
Miami Heat,2011,1,0.697,31.2,6.4,29.9,55.3,50.4,6,4,26,20,24
Indiana Pacers,2011,0,0.636,31.4,3.3,33.3,52.1,51.1,7,16,16,19,6
Los Angeles Lakers,2011,0,0.621,34.1,1.3,32.7,52.4,53.2,10,9,21,21,8
Memphis Grizzlies,2011,0,0.621,29.5,2.2,33.5,51.4,50.8,20,24,12,27,5
Atlanta Hawks,2011,0,0.606,31.3,3.8,27.9,52.6,49.3,13,7,19,7,28
Los Angeles Clippers,2011,0,0.606,29.4,2.7,33.1,51.7,50.7,4,10,17,4,9
Boston Celtics,2011,0,0.591,31.1,2.6,24.5,53.5,47.8,24,8,30,22,30
Denver Nuggets,2011,0,0.576,31.9,3.2,31.6,52.7,51.5,3,3,15,15,16
Orlando Magic,2011,0,0.561,31.2,0.6,30.6,49.3,51.0,15,11,27,1,17
Dallas Mavericks,2011,0,0.545,32.7,1.1,26.8,51.0,49.3,22,15,14,8,27
New York Knicks,2011,0,0.545,30.5,3.2,30.9,52.0,50.3,17,12,20,5,15
Utah Jazz,2011,0,0.545,31.1,0.5,34.0,50.9,51.9,8,17,4,28,3
Philadelphia 76ers,2011,0,0.53,32.5,4.6,27.7,53.2,49.5,21,25,5,24,22
Houston Rockets,2011,0,0.515,30.5,0.2,30.9,49.7,49.9,14,14,3,10,12
Phoenix Suns,2011,0,0.5,30.8,-0.1,29.4,50.2,49.3,9,6,9,13,21
Milwaukee Bucks,2011,0,0.47,30.0,0.4,31.4,50.3,49.0,11,20,2,16,7
Portland Trail Blazers,2011,0,0.424,29.5,-0.9,30.3,49.4,49.3,12,13,13,11,18
Minnesota Timberwolves,2011,0,0.394,31.7,-2.2,31.1,48.3,50.2,18,18,11,12,10
Detroit Pistons,2011,0,0.379,28.5,-5.0,32.2,44.8,50.0,25,26,24,26,13
Golden State Warriors,2011,0,0.348,29.5,-3.4,25.6,47.2,46.0,16,5,10,3,29
Toronto Raptors,2011,0,0.348,31.4,-3.9,29.4,47.8,50.3,29,21,28,23,23
New Jersey Nets,2011,0,0.333,28.5,-6.3,31.4,44.8,48.9,23,23,22,6,11
Sacramento Kings,2011,0,0.333,29.5,-5.8,32.1,45.1,48.7,19,27,1,18,2
Cleveland Cavaliers,2011,0,0.318,29.5,-7.6,32.3,43.9,49.6,26,29,18,14,4
New Orleans Hornets,2011,0,0.318,30.2,-4.0,31.0,48.2,50.6,28,22,29,30,20
Washington Wizards,2011,0,0.303,29.9,-5.0,30.8,46.0,48.9,27,28,6,25,14
Charlotte Bobcats,2011,0,0.106,28.7,-15.0,28.5,41.1,47.4,30,30,23,29,26
Miami Heat,2012,1,0.805,30.4,8.2,26.4,56.4,48.5,1,1,30,3,28
Oklahoma City Thunder,2012,0,0.732,33.2,9.9,29.1,57.0,51.3,2,2,29,13,25
San Antonio Spurs,2012,0,0.707,33.2,6.7,24.3,55.1,49.3,7,3,19,7,29
Denver Nuggets,2012,0,0.695,31.7,5.1,34.5,53.8,51.3,5,7,2,20,1
Los Angeles Clippers,2012,0,0.683,30.2,6.9,32.3,54.8,51.2,3,5,24,10,15
Memphis Grizzlies,2012,0,0.683,29.8,4.5,34.4,53.1,52.0,18,22,17,30,3
New York Knicks,2012,0,0.659,29.7,4.5,29.1,51.2,49.4,4,6,15,1,18
Brooklyn Nets,2012,0,0.598,30.0,2.0,34.3,50.9,52.0,9,13,27,9,5
Indiana Pacers,2012,0,0.605,33.0,4.4,33.6,53.7,52.2,19,19,25,16,4
Golden State Warriors,2012,0,0.573,34.2,0.9,28.5,50.2,50.6,12,10,9,8,21
Chicago Bulls,2012,0,0.549,30.7,0.5,33.2,51.4,51.4,23,25,13,29,6
Houston Rockets,2012,0,0.549,32.3,3.5,30.5,51.0,50.9,6,4,10,2,17
Los Angeles Lakers,2012,0,0.549,33.3,1.1,30.9,51.3,51.0,8,8,21,4,13
Atlanta Hawks,2012,0,0.537,31.6,0.3,25.4,50.9,48.2,17,9,22,5,27
Utah Jazz,2012,0,0.524,30.0,-0.2,32.9,50.4,51.0,10,15,12,23,8
Boston Celtics,2012,0,0.506,31.3,-0.5,24.6,50.7,47.7,24,12,28,25,30
Dallas Mavericks,2012,0,0.5,32.6,-0.6,25.9,50.2,48.4,14,11,8,11,26
Milwaukee Bucks,2012,0,0.463,30.9,-1.7,31.5,48.8,49.1,22,28,1,14,2
Philadelphia 76ers,2012,0,0.415,30.4,-3.7,29.1,47.4,48.9,26,29,7,21,19
Toronto Raptors,2012,0,0.415,29.6,-1.4,29.6,48.4,49.0,13,16,18,15,24
Portland Trail Blazers,2012,0,0.402,30.2,-3.4,29.4,46.8,49.5,15,14,11,6,23
Minnesota Timberwolves,2012,0,0.378,30.2,-2.2,31.2,49.4,50.0,25,21,14,28,11
Detroit Pistons,2012,0,0.354,30.0,-4.5,32.4,46.7,50.6,21,20,23,22,9
Washington Wizards,2012,0,0.354,32.3,-2.3,27.9,48.1,49.1,30,26,16,18,22
Sacramento Kings,2012,0,0.341,29.1,-4.7,30.6,45.4,48.5,11,17,4,12,14
New Orleans Hornets,2012,0,0.329,29.6,-4.4,33.2,46.4,51.4,16,18,26,19,10
Phoenix Suns,2012,0,0.305,29.9,-6.7,30.8,45.8,49.1,29,27,3,26,12
Cleveland Cavaliers,2012,0,0.293,28.8,-5.0,32.6,45.0,50.0,20,23,5,17,7
Charlotte Bobcats,2012,0,0.256,29.1,-9.9,30.5,43.8,48.6,28,30,20,27,16
Orlando Magic,2012,0,0.244,31.9,-7.4,29.3,45.9,49.8,27,24,6,24,20
San Antonio Spurs,2013,1,0.756,34.0,8.1,26.1,55.5,50.3,5,2,12,12,26
Oklahoma City Thunder,2013,0,0.72,33.9,6.4,29.4,54.3,51.8,7,5,14,14,18
Los Angeles Clippers,2013,0,0.695,32.5,7.3,28.8,54.8,49.6,1,4,16,13,21
Indiana Pacers,2013,0,0.683,34.5,4.7,29.6,54.5,51.7,21,18,27,22,22
Houston Rockets,2013,0,0.659,34.1,4.6,30.6,53.4,51.3,4,3,26,1,15
Miami Heat,2013,0,0.659,29.2,5.1,24.4,53.9,47.6,3,1,30,15,30
Portland Trail Blazers,2013,0,0.659,34.0,4.2,32.0,52.4,51.7,2,11,3,2,2
Golden State Warriors,2013,0,0.622,34.4,4.9,28.4,52.8,50.8,12,10,6,3,17
Memphis Grizzlies,2013,0,0.61,30.8,1.7,32.6,51.8,52.1,14,21,22,30,9
Dallas Mavericks,2013,0,0.598,30.7,2.3,27.6,52.1,48.7,6,6,11,8,23
Chicago Bulls,2013,0,0.585,32.7,1.9,32.1,52.8,51.8,28,26,28,26,11
Phoenix Suns,2013,0,0.585,31.7,2.6,29.8,50.9,50.0,8,7,13,6,14
Toronto Raptors,2013,0,0.585,31.1,3.3,31.2,51.2,50.5,9,12,23,9,12
Brooklyn Nets,2013,0,0.537,29.4,-1.3,26.0,49.2,47.5,15,8,29,10,28
Washington Wizards,2013,0,0.537,31.4,1.3,28.6,50.4,49.8,19,15,9,16,19
Charlotte Bobcats,2013,0,0.524,33.2,-0.4,26.9,50.8,50.0,24,24,21,25,25
Minnesota Timberwolves,2013,0,0.488,32.2,2.6,31.7,51.9,50.8,10,19,1,17,3
Atlanta Hawks,2013,0,0.463,31.3,-0.7,25.6,50.2,48.5,20,9,24,4,29
New York Knicks,2013,0,0.451,29.7,-1.1,29.1,49.0,49.2,11,14,19,7,20
Denver Nuggets,2013,0,0.439,33.1,-2.2,31.0,48.1,50.5,17,17,5,11,4
New Orleans Pelicans,2013,0,0.415,30.3,-3.0,30.5,48.3,49.7,13,16,17,29,13
Cleveland Cavaliers,2013,0,0.402,32.1,-3.6,31.4,46.9,50.8,22,27,8,18,5
Detroit Pistons,2013,0,0.354,30.8,-3.7,34.7,46.4,51.1,16,29,4,27,1
Sacramento Kings,2013,0,0.341,32.4,-2.7,31.6,47.3,51.8,18,20,18,28,6
Los Angeles Lakers,2013,0,0.329,32.0,-6.0,23.5,46.0,45.9,23,13,7,5,27
Boston Celtics,2013,0,0.305,30.5,-4.6,31.4,46.1,50.5,26,28,10,19,7
Utah Jazz,2013,0,0.305,30.2,-7.6,29.7,45.1,49.7,25,23,25,24,16
Orlando Magic,2013,0,0.28,32.4,-5.7,26.7,46.6,49.0,29,22,15,21,24
Philadelphia 76ers,2013,0,0.232,31.2,-10.0,29.0,42.6,47.9,30,30,2,20,10
Milwaukee Bucks,2013,0,0.183,29.3,-8.3,31.0,44.9,49.0,27,25,20,23,8
Golden State Warriors,2014,1,0.817,34.3,9.9,27.3,56.9,49.8,2,1,3,2,21
Atlanta Hawks,2014,0,0.732,31.8,5.9,26.4,54.0,48.7,5,3,27,5,30
Houston Rockets,2014,0,0.683,32.0,3.4,30.5,50.9,49.6,12,8,12,1,6
Los Angeles Clippers,2014,0,0.683,33.1,6.9,27.2,54.0,49.7,1,2,13,3,28
Memphis Grizzlies,2014,0,0.671,32.1,3.5,28.8,53.0,50.3,13,18,23,29,22
San Antonio Spurs,2014,0,0.671,33.8,6.3,27.2,54.5,50.7,7,5,11,12,27
Cleveland Cavaliers,2014,0,0.646,31.9,4.8,31.1,51.4,51.3,4,4,24,4,11
Portland Trail Blazers,2014,0,0.622,35.1,4.3,28.2,52.2,51.0,8,9,5,6,15
Chicago Bulls,2014,0,0.61,34.0,3.0,31.2,52.9,51.6,11,14,18,15,7
Dallas Mavericks,2014,0,0.61,31.8,3.2,26.9,52.1,47.7,6,7,6,7,19
Toronto Raptors,2014,0,0.598,30.8,3.1,30.1,50.6,49.4,3,6,14,8,16
Washington Wizards,2014,0,0.561,34.2,0.6,28.8,52.5,51.4,22,16,20,26,20
New Orleans Pelicans,2014,0,0.549,32.0,0.8,30.9,50.8,51.1,9,12,19,19,10
Oklahoma City Thunder,2014,0,0.549,34.7,2.1,31.8,50.5,52.4,10,17,4,16,1
Milwaukee Bucks,2014,0,0.5,31.4,0.6,29.0,51.1,49.1,25,15,25,23,17
Boston Celtics,2014,0,0.488,32.7,0.3,28.9,49.8,49.5,19,22,1,13,12
Phoenix Suns,2014,0,0.476,32.2,-1.1,28.1,49.1,48.9,16,13,7,10,13
Brooklyn Nets,2014,0,0.463,32.0,-3.0,27.8,48.0,49.1,20,20,17,24,24
Indiana Pacers,2014,0,0.463,34.4,0.2,28.6,50.5,51.1,23,23,15,17,23
Utah Jazz,2014,0,0.463,31.9,0.1,33.2,50.7,52.4,17,19,29,18,4
Miami Heat,2014,0,0.451,30.0,-3.0,28.4,49.2,48.9,21,11,30,20,29
Charlotte Hornets,2014,0,0.402,34.1,-3.4,27.0,48.2,50.2,28,29,10,27,25
Detroit Pistons,2014,0,0.39,32.1,-1.1,31.6,47.8,50.5,15,26,8,9,2
Denver Nuggets,2014,0,0.366,32.4,-3.3,30.3,46.5,49.4,18,24,2,14,3
Sacramento Kings,2014,0,0.354,33.3,-3.7,31.3,48.5,51.9,14,10,28,28,14
Orlando Magic,2014,0,0.305,31.8,-5.9,26.9,45.5,49.1,27,21,21,21,26
Los Angeles Lakers,2014,0,0.256,32.3,-7.1,29.0,45.0,49.7,24,27,9,25,8
Philadelphia 76ers,2014,0,0.22,30.9,-9.0,29.3,42.6,48.0,30,30,22,11,5
New York Knicks,2014,0,0.207,29.8,-10.1,28.9,44.1,48.4,29,28,26,22,18
Minnesota Timberwolves,2014,0,0.195,29.3,-9.1,31.1,45.3,48.9,26,25,16,30,9
Golden State Warriors,2015,0,0.89,36.2,10.6,26.7,56.7,50.7,1,1,3,1,20
San Antonio Spurs,2015,0,0.817,34.5,11.1,26.6,57.8,51.6,4,3,24,25,25
Cleveland Cavaliers,2015,1,0.695,33.9,6.3,29.4,52.8,51.9,3,4,19,2,12
Toronto Raptors,2015,0,0.683,33.2,4.4,30.0,52.5,52.0,5,7,28,13,19
Oklahoma City Thunder,2015,0,0.671,35.6,7.4,34.7,54.6,54.1,2,2,5,17,1
LA Clippers,2015,0,0.646,33.3,4.5,23.4,53.3,47.2,8,5,25,8,29
Atlanta Hawks,2015,0,0.585,33.8,3.9,23.4,52.8,47.4,20,8,15,6,30
Boston Celtics,2015,0,0.585,33.3,3.3,29.0,52.0,49.5,10,21,1,12,3
Charlotte Hornets,2015,0,0.585,35.0,2.7,24.4,51.1,49.9,9,12,16,4,28
Miami Heat,2015,0,0.585,34.3,1.7,28.0,52.5,51.2,11,13,27,27,22
Indiana Pacers,2015,0,0.549,33.9,1.6,27.1,51.8,49.4,25,19,13,18,17
Detroit Pistons,2015,0,0.537,33.9,0.3,31.3,48.6,52.1,14,28,6,10,2
Portland Trail Blazers,2015,0,0.537,33.9,0.8,29.4,49.3,51.0,6,10,8,5,4
Chicago Bulls,2015,0,0.512,35.2,-1.4,29.0,49.4,50.6,23,25,2,21,9
Dallas Mavericks,2015,0,0.512,33.9,-0.4,24.1,50.3,48.4,12,14,18,7,26
Memphis Grizzlies,2015,0,0.512,30.5,-2.4,29.8,48.3,49.5,19,27,22,28,8
Houston Rockets,2015,0,0.5,31.7,0.0,29.7,49.0,49.2,7,6,23,3,7
Washington Wizards,2015,0,0.5,32.8,-0.5,25.0,49.7,49.0,21,15,10,14,27
Utah Jazz,2015,0,0.488,32.5,1.8,30.3,50.8,51.7,16,16,30,16,10
Orlando Magic,2015,0,0.427,33.0,-1.6,27.1,48.8,49.5,22,20,4,22,18
Denver Nuggets,2015,0,0.402,33.1,-3.3,30.4,47.9,51.3,17,22,12,19,5
Milwaukee Bucks,2015,0,0.402,31.2,-4.5,28.6,48.3,49.0,26,17,26,30,14
Sacramento Kings,2015,0,0.402,33.7,-2.3,28.1,49.4,50.0,15,11,7,20,13
New York Knicks,2015,0,0.39,34.0,-2.8,28.0,48.7,50.2,24,23,20,24,16
New Orleans Pelicans,2015,0,0.366,33.1,-3.7,25.2,47.2,49.3,18,18,9,15,23
Minnesota Timberwolves,2015,0,0.354,31.5,-3.5,27.9,49.7,49.4,13,9,29,29,21
Phoenix Suns,2015,0,0.28,33.3,-6.5,29.7,45.0,50.8,28,26,11,11,6
Brooklyn Nets,2015,0,0.256,31.9,-7.4,27.9,46.0,49.4,27,24,17,26,15
Los Angeles Lakers,2015,0,0.207,32.3,-9.7,27.1,42.4,48.4,29,30,14,23,11
Philadelphia 76ers,2015,0,0.122,31.8,-10.2,25.0,42.8,46.6,30,29,21,9,24
Golden State Warriors,2016,1,0.817,35.0,11.4,27.2,57.9,50.4,1,1,8,3,19
San Antonio Spurs,2016,0,0.744,33.9,7.4,28.2,55.1,51.1,9,8,24,16,16
Houston Rockets,2016,0,0.671,33.5,5.7,28.1,51.6,49.9,2,2,7,1,9
Boston Celtics,2016,0,0.646,32.9,2.6,25.9,51.4,48.5,7,6,18,4,22
Cleveland Cavaliers,2016,0,0.622,34.4,3.1,26.4,51.0,49.9,3,3,19,2,21
LA Clippers,2016,0,0.622,34.0,4.4,25.6,52.7,50.1,5,4,26,9,23
Toronto Raptors,2016,0,0.622,32.6,4.3,29.1,51.6,50.5,6,11,21,21,11
Utah Jazz,2016,0,0.622,33.8,4.3,27.0,53.4,51.4,12,10,30,13,20
Washington Wizards,2016,0,0.598,32.6,1.7,28.6,51.1,50.1,8,9,10,17,13
Oklahoma City Thunder,2016,0,0.573,34.4,0.8,32.3,49.9,52.8,15,21,5,26,1
Atlanta Hawks,2016,0,0.524,34.1,-0.7,28.2,50.6,50.2,27,18,22,19,14
Memphis Grizzlies,2016,0,0.524,32.0,0.5,29.5,50.1,50.7,19,26,25,14,10
Indiana Pacers,2016,0,0.512,33.0,-0.2,25.5,50.5,48.8,16,13,20,23,24
Milwaukee Bucks,2016,0,0.512,31.6,-0.2,26.0,50.4,48.7,13,7,29,22,25
Chicago Bulls,2016,0,0.5,34.1,0.3,31.1,50.4,51.9,21,28,9,28,2
Miami Heat,2016,0,0.5,33.0,1.0,28.4,50.0,49.9,17,19,14,12,12
Portland Trail Blazers,2016,0,0.5,33.5,-0.6,26.9,49.3,49.6,11,12,13,8,15
Denver Nuggets,2016,0,0.488,34.6,0.4,31.4,50.3,53.2,4,5,4,7,5
Detroit Pistons,2016,0,0.451,34.6,-1.4,28.6,48.2,51.9,23,30,1,27,8
Charlotte Hornets,2016,0,0.439,34.8,0.0,24.7,50.5,49.6,14,17,15,11,26
New Orleans Pelicans,2016,0,0.415,35.1,-2.1,22.8,49.3,48.0,25,22,11,15,29
Dallas Mavericks,2016,0,0.402,30.7,-3.0,21.6,47.9,46.5,26,20,27,5,30
Sacramento Kings,2016,0,0.39,32.3,-4.2,25.8,47.8,49.2,20,14,28,18,28
Minnesota Timberwolves,2016,0,0.378,31.0,-0.9,30.9,50.1,50.7,10,15,23,30,6
New York Knicks,2016,0,0.378,33.2,-3.6,30.5,48.2,50.0,18,27,2,24,3
Orlando Magic,2016,0,0.354,33.3,-6.5,26.7,46.0,49.1,28,29,12,25,17
Philadelphia 76ers,2016,0,0.341,33.0,-5.5,27.3,47.0,49.0,30,23,16,10,18
Los Angeles Lakers,2016,0,0.317,32.1,-6.7,28.4,44.6,49.4,24,25,6,20,7
Phoenix Suns,2016,0,0.293,33.1,-5.2,29.9,46.2,50.3,22,24,3,29,4
Brooklyn Nets,2016,0,0.244,35.1,-6.5,24.1,46.0,48.3,29,16,17,6,27
Houston Rockets,2017,0,0.793,34.5,8.4,25.4,53.1,50.3,1,2,27,1,23
Toronto Raptors,2017,0,0.72,34.2,7.7,27.4,53.8,50.2,2,4,6,4,14
Golden State Warriors,2017,1,0.707,35.1,5.9,24.3,55.4,49.7,3,1,24,8,28
Boston Celtics,2017,0,0.671,35.1,3.6,26.3,51.9,50.4,18,14,25,6,20
Philadelphia 76ers,2017,0,0.634,36.5,4.6,28.6,54.2,52.0,11,8,12,10,3
Cleveland Cavaliers,2017,0,0.61,33.7,1.0,24.3,50.2,49.2,5,3,26,3,27
Portland Trail Blazers,2017,0,0.598,35.3,2.7,27.9,51.0,51.3,14,17,8,16,9
Indiana Pacers,2017,0,0.585,32.7,1.3,27.1,50.9,49.6,12,13,14,25,16
New Orleans Pelicans,2017,0,0.585,35.6,1.1,24.0,52.5,49.4,13,5,3,18,26
Oklahoma City Thunder,2017,0,0.585,32.6,3.7,32.0,50.8,51.5,7,21,4,15,1
Utah Jazz,2017,0,0.585,34.2,4.4,25.6,53.2,50.9,16,10,29,13,24
Minnesota Timberwolves,2017,0,0.573,31.6,2.3,28.9,51.8,50.3,4,9,15,30,7
San Antonio Spurs,2017,0,0.573,33.9,3.0,27.7,52.5,50.8,17,25,21,28,6
Denver Nuggets,2017,0,0.561,33.5,1.4,30.0,51.1,51.7,6,7,13,7,2
Miami Heat,2017,0,0.537,34.2,0.4,26.1,50.5,50.1,21,15,23,11,21
Milwaukee Bucks,2017,0,0.537,31.5,-0.2,24.4,50.2,48.0,9,6,28,27,29
Washington Wizards,2017,0,0.524,33.1,0.4,27.4,50.9,50.4,15,12,19,21,13
LA Clippers,2017,0,0.512,33.7,0.2,28.4,49.7,50.4,8,11,22,22,10
Detroit Pistons,2017,0,0.476,33.6,-0.1,26.9,48.9,49.9,19,26,9,14,11
Charlotte Hornets,2017,0,0.439,35.4,-0.1,27.1,50.0,51.2,10,18,11,19,12
Los Angeles Lakers,2017,0,0.427,35.7,-1.3,27.9,49.1,50.5,23,19,2,20,4
New York Knicks,2017,0,0.354,33.6,-3.4,28.9,48.1,50.9,20,23,5,29,5
Brooklyn Nets,2017,0,0.341,34.8,-3.6,25.1,47.4,48.9,22,16,10,2,15
Chicago Bulls,2017,0,0.329,35.0,-7.0,25.6,45.3,50.0,28,29,1,12,17
Sacramento Kings,2017,0,0.329,31.4,-7.3,26.4,45.1,48.9,29,30,16,26,18
Orlando Magic,2017,0,0.305,32.8,-4.7,24.8,47.2,48.0,25,22,17,17,25
Atlanta Hawks,2017,0,0.293,32.8,-5.7,26.3,46.8,48.9,26,20,20,9,22
Dallas Mavericks,2017,0,0.293,33.1,-2.9,22.4,47.5,47.8,24,24,18,5,30
Memphis Grizzlies,2017,0,0.268,31.0,-6.8,27.6,46.0,49.3,27,27,30,24,19
Phoenix Suns,2017,0,0.256,33.9,-9.0,27.1,44.2,49.3,30,28,7,23,8
Milwaukee Bucks,2018,0,0.732,40.4,8.6,25.0,55.3,51.6,4,2,6,2,25
Toronto Raptors,2018,1,0.707,35.6,5.8,26.5,53.3,50.2,5,4,15,8,24
Golden State Warriors,2018,0,0.695,36.5,6.5,25.7,54.6,50.5,1,1,12,3,21
Denver Nuggets,2018,0,0.659,34.5,4.0,30.8,52.4,52.4,7,14,11,17,2
Houston Rockets,2018,0,0.646,31.9,4.8,26.9,49.8,48.1,2,3,25,1,14
Portland Trail Blazers,2018,0,0.646,36.2,4.2,30.8,52.1,52.6,3,9,7,18,3
Philadelphia 76ers,2018,0,0.622,36.9,2.6,27.8,52.9,51.7,8,6,20,19,11
Utah Jazz,2018,0,0.61,36.4,5.0,27.5,53.9,52.2,14,7,29,9,17
Boston Celtics,2018,0,0.598,34.7,4.3,25.7,53.0,49.5,10,10,8,6,20
Oklahoma City Thunder,2018,0,0.598,35.5,3.4,29.8,50.6,50.9,16,25,1,12,1
Indiana Pacers,2018,0,0.585,33.7,3.4,26.9,52.7,49.9,18,13,27,29,26
LA Clippers,2018,0,0.585,35.8,1.0,26.3,50.5,50.0,9,5,24,24,22
San Antonio Spurs,2018,0,0.585,35.5,1.6,24.6,51.6,50.1,6,8,17,26,27
Brooklyn Nets,2018,0,0.512,35.6,-0.1,28.2,49.2,50.1,19,15,14,5,9
Orlando Magic,2018,0,0.512,35.4,0.6,25.9,50.8,50.4,22,23,16,13,18
Detroit Pistons,2018,0,0.5,33.6,-0.3,29.1,48.2,50.9,21,26,18,10,5
Charlotte Hornets,2018,0,0.476,33.9,-1.3,26.8,48.6,49.5,11,18,13,11,19
Miami Heat,2018,0,0.476,35.1,-0.4,29.1,50.1,50.9,26,27,21,14,7
Sacramento Kings,2018,0,0.476,34.4,-1.2,26.8,49.5,48.7,17,19,2,15,10
Los Angeles Lakers,2018,0,0.451,36.4,-1.6,27.0,49.5,50.2,24,20,9,20,15
Minnesota Timberwolves,2018,0,0.439,33.5,-1.6,29.2,49.8,49.7,13,21,5,23,6
Dallas Mavericks,2018,0,0.402,35.2,-1.5,27.3,49.2,50.3,20,16,28,7,16
Memphis Grizzlies,2018,0,0.402,33.0,-2.4,24.7,49.0,48.4,27,24,30,27,29
New Orleans Pelicans,2018,0,0.402,36.2,-1.3,28.5,49.8,50.9,12,12,3,21,8
Washington Wizards,2018,0,0.39,32.7,-2.7,25.2,48.7,47.7,15,11,10,16,23
Atlanta Hawks,2018,0,0.354,34.5,-5.5,28.4,46.4,49.6,23,17,4,4,4
Chicago Bulls,2018,0,0.268,34.1,-8.3,24.2,45.3,48.3,29,28,22,30,30
Cleveland Cavaliers,2018,0,0.232,31.9,-10.0,28.2,43.6,49.6,25,29,23,22,12
Phoenix Suns,2018,0,0.232,31.3,-8.9,24.7,45.0,46.4,28,22,26,28,28
New York Knicks,2018,0,0.207,34.3,-8.9,26.4,44.2,48.6,30,30,19,25,13
Milwaukee Bucks,2019,0,0.767,42.2,9.4,24.1,56.2,52.4,7,3,4,3,24
Toronto Raptors,2019,0,0.736,35.9,6.1,25.6,53.0,49.6,13,8,23,4,25
Los Angeles Lakers,2019,1,0.732,35.1,5.6,28.3,53.9,51.2,10,9,20,23,6
LA Clippers,2019,0,0.681,37.0,6.3,27.8,53.2,51.5,2,6,14,13,7
Boston Celtics,2019,0,0.667,35.4,6.3,28.3,53.1,50.9,4,12,11,12,8
Denver Nuggets,2019,0,0.63,33.4,2.2,29.4,51.7,50.9,5,15,15,24,4
Indiana Pacers,2019,0,0.616,34.1,1.9,24.3,52.0,48.7,18,18,18,29,28
Houston Rockets,2019,0,0.611,34.5,2.7,24.9,49.4,48.0,6,5,8,1,20
Miami Heat,2019,0,0.603,35.9,2.7,25.7,52.5,51.2,8,1,30,6,29
Oklahoma City Thunder,2019,0,0.611,34.7,2.1,24.1,51.9,49.2,17,10,28,26,30
Utah Jazz,2019,0,0.611,35.8,2.5,26.1,51.3,51.2,9,2,29,7,26
Dallas Mavericks,2019,0,0.573,36.4,4.8,27.5,52.1,50.9,1,4,9,2,10
Philadelphia 76ers,2019,0,0.589,35.0,2.3,28.1,52.3,51.6,14,16,24,19,11
Brooklyn Nets,2019,0,0.486,37.3,-0.5,28.0,50.0,51.1,21,22,10,9,9
Portland Trail Blazers,2019,0,0.473,35.1,-1.1,26.6,48.6,49.2,3,13,3,10,16
Memphis Grizzlies,2019,0,0.466,36.2,-1.0,27.1,50.7,50.6,22,20,5,25,14
Phoenix Suns,2019,0,0.466,33.8,0.5,26.1,51.2,49.8,12,7,22,20,21
Orlando Magic,2019,0,0.452,34.2,-1.3,26.7,49.6,50.0,23,27,16,22,15
San Antonio Spurs,2019,0,0.451,35.6,-0.9,23.3,50.2,49.5,11,11,12,27,27
Sacramento Kings,2019,0,0.431,32.9,-1.9,25.8,47.9,49.2,19,17,19,11,23
New Orleans Pelicans,2019,0,0.417,35.4,-1.3,28.7,49.5,50.8,15,14,1,5,2
Washington Wizards,2019,0,0.347,31.9,-4.5,26.2,47.3,47.8,16,19,6,16,17
Charlotte Hornets,2019,0,0.354,31.8,-7.0,28.0,45.5,48.6,27,29,26,15,3
Chicago Bulls,2019,0,0.338,31.4,-3.1,26.7,46.6,48.1,29,26,17,14,12
New York Knicks,2019,0,0.318,34.5,-6.5,30.0,46.1,51.3,28,30,13,30,1
Atlanta Hawks,2019,0,0.299,33.4,-7.4,26.7,45.4,48.4,25,23,7,17,19
Detroit Pistons,2019,0,0.303,32.0,-3.5,27.7,47.3,49.3,20,21,27,18,22
Cleveland Cavaliers,2019,0,0.292,33.4,-7.9,29.6,45.3,51.2,26,24,25,21,5
Minnesota Timberwolves,2019,0,0.297,34.3,-4.0,26.4,47.2,48.8,24,25,2,8,13
Golden State Warriors,2019,0,0.231,32.9,-8.6,25.5,46.2,48.1,30,28,21,28,18
Utah Jazz,2020,0,0.722,37.6,9.0,28.4,54.2,52.9,4,3,18,1,3
Phoenix Suns,2020,0,0.708,34.2,5.9,24.8,53.4,50.0,6,4,16,12,28
Philadelphia 76ers,2020,0,0.681,35.0,5.5,27.7,53.6,51.1,13,11,24,23,13
Brooklyn Nets,2020,0,0.667,35.5,4.2,25.2,53.2,50.3,1,1,21,7,27
Denver Nuggets,2020,0,0.653,33.9,4.8,29.2,52.5,52.2,7,6,8,14,8
LA Clippers,2020,0,0.653,34.7,6.1,27.0,53.0,51.8,3,2,25,6,20
Milwaukee Bucks,2020,1,0.639,37.8,5.8,26.9,53.3,51.9,5,5,1,5,12
Dallas Mavericks,2020,0,0.583,34.2,2.3,25.3,51.0,49.6,8,8,22,8,25
Los Angeles Lakers,2020,0,0.583,34.6,2.9,26.9,51.7,51.1,24,18,27,25,15
Portland Trail Blazers,2020,0,0.583,33.9,1.8,27.3,49.3,49.5,2,13,4,2,4
Atlanta Hawks,2020,0,0.569,35.1,2.2,28.4,51.1,51.6,9,9,23,17,5
New York Knicks,2020,0,0.569,35.5,2.4,26.4,50.2,50.5,22,23,26,21,16
Miami Heat,2020,0,0.556,33.5,-0.1,24.0,50.9,49.1,18,10,30,15,29
Golden State Warriors,2020,0,0.542,35.1,1.1,22.2,51.0,48.0,19,7,17,3,30
Memphis Grizzlies,2020,0,0.528,35.3,1.2,28.5,51.1,50.7,15,22,2,24,2
Boston Celtics,2020,0,0.5,33.6,1.2,28.9,50.1,51.0,10,16,11,11,6
Indiana Pacers,2020,0,0.472,33.7,0.1,24.7,50.2,47.6,14,14,3,18,26
Washington Wizards,2020,0,0.472,35.5,-1.6,25.0,49.6,49.4,17,19,5,28,17
Charlotte Hornets,2020,0,0.458,33.2,-1.9,27.6,48.9,49.6,23,21,20,10,7
San Antonio Spurs,2020,0,0.458,34.6,-1.5,24.3,49.3,48.5,20,26,7,30,23
Chicago Bulls,2020,0,0.431,35.3,-1.1,26.7,49.9,51.9,21,15,13,16,18
New Orleans Pelicans,2020,0,0.431,35.7,-0.3,30.2,50.8,52.7,11,17,10,27,1
Sacramento Kings,2020,0,0.431,32.0,-3.8,25.3,48.1,48.2,12,12,14,19,21
Toronto Raptors,2020,0,0.375,32.1,-0.4,25.6,48.6,47.9,16,20,12,4,22
Minnesota Timberwolves,2020,0,0.319,33.0,-5.3,27.1,46.9,48.4,25,25,6,13,9
Cleveland Cavaliers,2020,0,0.306,32.3,-8.3,28.0,46.0,49.9,28,28,28,29,10
Oklahoma City Thunder,2020,0,0.306,35.7,-10.6,25.4,44.2,49.4,30,29,19,20,14
Orlando Magic,2020,0,0.292,35.1,-9.3,25.2,45.0,48.8,29,30,9,26,11
Detroit Pistons,2020,0,0.278,33.1,-4.5,26.7,47.3,49.3,26,24,29,22,19
Houston Rockets,2020,0,0.236,33.3,-7.4,24.0,45.1,47.4,27,27,15,9,24
Phoenix Suns,2021,0,0.78,35.5,7.5,26.4,54.8,50.3,5,5,6,20,18
Memphis Grizzlies,2021,0,0.683,35.0,5.3,33.8,53.0,52.6,3,24,1,23,1
Golden State Warriors,2021,1,0.646,35.7,5.5,26.9,53.6,51.0,15,4,21,3,19
Miami Heat,2021,0,0.646,33.9,4.5,27.8,52.9,51.0,11,3,28,6,20
Dallas Mavericks,2021,0,0.634,33.8,3.5,25.6,51.1,49.6,14,13,27,10,24
Boston Celtics,2021,0,0.622,35.5,7.4,27.7,54.7,50.9,8,9,17,8,11
Milwaukee Bucks,2021,0,0.622,36.5,3.2,26.9,51.6,51.2,4,7,8,4,15
Philadelphia 76ers,2021,0,0.622,33.8,2.8,24.6,51.7,49.0,12,10,30,21,30
Utah Jazz,2021,0,0.598,35.6,6.2,30.0,52.8,52.5,1,2,24,2,9
Denver Nuggets,2021,0,0.585,34.9,2.3,26.8,51.6,51.5,6,1,23,13,25
Toronto Raptors,2021,0,0.585,32.0,2.2,32.5,49.4,50.8,16,27,4,19,2
Chicago Bulls,2021,0,0.561,33.7,-0.5,24.9,49.6,49.5,13,8,20,28,29
Minnesota Timberwolves,2021,0,0.561,32.9,2.7,28.4,50.4,49.0,7,12,5,1,6
Brooklyn Nets,2021,0,0.537,34.1,0.9,28.1,51.2,49.9,10,11,12,24,14
Cleveland Cavaliers,2021,0,0.537,34.0,2.1,27.7,51.7,50.6,20,15,29,22,16
Atlanta Hawks,2021,0,0.524,33.9,1.6,26.9,50.9,50.1,2,6,13,11,17
Charlotte Hornets,2021,0,0.524,33.7,0.5,27.0,50.4,48.6,9,14,3,5,10
LA Clippers,2021,0,0.512,34.9,0.0,25.4,50.2,48.6,25,19,18,12,26
New York Knicks,2021,0,0.451,34.6,-0.4,29.1,49.1,51.2,23,25,25,9,4
New Orleans Pelicans,2021,0,0.439,33.2,-0.8,30.6,50.0,51.8,19,22,16,29,3
Washington Wizards,2021,0,0.427,34.1,-3.4,24.7,49.6,49.4,21,16,26,30,28
San Antonio Spurs,2021,0,0.415,34.3,0.2,28.1,51.0,49.4,17,23,2,26,7
Los Angeles Lakers,2021,0,0.402,34.5,-2.9,25.6,48.2,49.0,22,17,10,18,23
Sacramento Kings,2021,0,0.366,33.4,-5.2,25.9,47.3,48.4,24,21,15,25,21
Portland Trail Blazers,2021,0,0.329,32.5,-9.1,26.8,44.7,48.7,27,26,19,14,12
Indiana Pacers,2021,0,0.305,32.6,-3.6,31.0,47.8,51.2,18,20,7,15,5
Oklahoma City Thunder,2021,0,0.293,35.2,-8.0,25.6,45.1,48.7,30,30,9,17,13
Detroit Pistons,2021,0,0.28,32.0,-7.7,27.6,45.0,48.1,28,29,11,27,8
Orlando Magic,2021,0,0.268,35.2,-8.1,24.9,45.8,49.0,29,28,14,16,27
Houston Rockets,2021,0,0.244,32.4,-8.3,26.5,45.1,48.5,26,18,22,7,22
Milwaukee Bucks,2022,0,0.707,37.5,3.4,28.4,52.3,52.1,15,15,6,4,11
Boston Celtics,2022,0,0.695,35.6,6.7,25.5,53.4,50.6,2,4,15,2,20
Philadelphia 76ers,2022,0,0.659,32.2,4.4,25.8,52.4,49.6,3,1,30,11,27
Denver Nuggets,2022,1,0.646,32.9,3.3,28.9,52.5,51.4,5,3,22,18,16
Cleveland Cavaliers,2022,0,0.622,31.4,5.6,27.3,53.1,49.6,7,9,27,19,21
Memphis Grizzlies,2022,0,0.622,34.6,4.0,30.2,51.9,50.7,11,23,4,16,4
Sacramento Kings,2022,0,0.585,32.9,2.6,26.5,51.1,49.9,1,2,16,5,23
New York Knicks,2022,0,0.573,34.0,2.8,31.8,50.9,52.1,4,20,12,12,3
Brooklyn Nets,2022,0,0.549,32.3,1.1,23.4,51.0,47.2,12,7,28,9,29
Phoenix Suns,2022,0,0.549,32.4,2.2,30.7,51.4,50.8,14,24,9,13,5
Golden State Warriors,2022,0,0.537,34.1,1.7,27.7,51.0,50.2,10,5,8,1,14
LA Clippers,2022,0,0.537,33.4,0.5,27.3,49.8,50.5,17,11,24,10,19
Miami Heat,2022,0,0.537,30.9,-0.5,27.4,49.6,49.8,25,21,26,17,22
Los Angeles Lakers,2022,0,0.524,35.7,0.7,26.9,51.1,50.5,19,16,13,24,18
Minnesota Timberwolves,2022,0,0.512,32.8,0.2,25.8,50.3,48.5,23,8,18,14,26
New Orleans Pelicans,2022,0,0.512,33.1,1.9,29.0,51.4,51.2,20,17,17,23,13
Atlanta Hawks,2022,0,0.5,33.2,0.1,28.9,50.0,50.0,8,19,3,25,9
Toronto Raptors,2022,0,0.5,30.3,1.5,31.6,49.6,50.2,13,27,5,27,2
Chicago Bulls,2022,0,0.488,33.9,1.3,23.6,51.2,49.3,24,12,21,29,28
Oklahoma City Thunder,2022,0,0.488,32.3,1.0,28.9,49.8,48.7,16,25,1,15,8
Dallas Mavericks,2022,0,0.463,31.2,-0.2,22.6,48.7,47.1,6,6,29,3,30
Utah Jazz,2022,0,0.451,34.1,-0.7,30.8,49.8,51.2,9,14,10,7,6
Indiana Pacers,2022,0,0.427,31.4,-3.3,28.5,48.2,48.2,21,18,11,6,17
Washington Wizards,2022,0,0.427,34.2,-1.2,27.3,50.4,50.5,22,13,20,21,24
Orlando Magic,2022,0,0.415,33.1,-2.3,28.1,48.5,50.5,26,22,23,26,15
Portland Trail Blazers,2022,0,0.402,31.1,-4.0,26.4,47.4,48.6,18,10,25,8,25
Charlotte Hornets,2022,0,0.329,33.5,-6.3,27.6,47.3,49.1,30,30,7,28,12
Houston Rockets,2022,0,0.268,32.9,-8.1,34.4,45.7,53.0,27,28,14,30,1
San Antonio Spurs,2022,0,0.268,31.9,-9.9,29.9,45.2,49.5,29,29,2,22,7
Detroit Pistons,2022,0,0.207,31.3,-7.9,29.2,44.9,49.1,28,26,19,20,10
