TEAM,YEAR,IS_CHAMP,WIN%,PTS,FGM,DREB,NETRTG,PIE,REB%,FGA_RANK,3PM_RANK,FTM_RANK,FT%_RANK,OREB_RANK,BLKA_RANK,PF_RANK
Chicago Bulls,1996,1,0.841,103.1,40.0,30.0,11.8,58.6,52.4,3,11,26,12,3,28,27
Utah Jazz,1996,0,0.78,103.1,38.2,29.4,9.8,59.0,51.8,27,27,1,3,28,20,2
Miami Heat,1996,0,0.744,94.8,34.4,29.3,6.0,53.6,50.4,25,1,22,23,21,16,7
Houston Rockets,1996,0,0.695,100.6,37.0,31.3,4.7,53.6,51.4,14,2,16,7,24,21,28
New York Knicks,1996,0,0.695,95.4,35.1,30.7,3.4,53.7,51.9,26,18,11,11,20,27,1
Seattle SuperSonics,1996,0,0.695,100.9,36.5,27.7,8.5,56.2,50.0,19,9,3,8,17,10,16
Atlanta Hawks,1996,0,0.683,94.8,34.3,28.7,6.2,53.9,50.5,22,3,18,4,14,26,29
Los Angeles Lakers,1996,0,0.683,100.0,36.8,29.4,4.2,53.0,50.1,9,10,8,29,7,19,13
Charlotte Hornets,1996,0,0.659,98.9,36.4,28.0,2.1,52.8,49.5,21,5,13,2,26,24,24
Detroit Pistons,1996,0,0.659,94.2,34.5,28.0,5.9,53.0,49.2,28,7,20,14,29,29,25
Portland Trail Blazers,1996,0,0.598,99.0,36.6,30.4,4.2,52.7,52.7,15,13,9,26,12,11,5
Orlando Magic,1996,0,0.549,94.1,34.6,27.1,-0.5,48.6,49.0,13,8,21,13,11,13,26
Washington Bullets,1996,0,0.537,99.4,39.1,29.5,1.5,52.5,50.3,8,28,24,28,18,25,15
Cleveland Cavaliers,1996,0,0.512,87.5,33.0,26.3,1.9,51.2,49.9,29,14,28,19,27,23,10
Minnesota Timberwolves,1996,0,0.488,96.1,35.8,28.1,-1.7,50.1,48.8,18,26,7,9,22,7,14
Phoenix Suns,1996,0,0.488,102.8,38.3,29.0,0.9,50.9,48.2,5,12,10,5,25,22,22
Indiana Pacers,1996,0,0.476,95.4,34.8,29.1,1.3,50.4,50.6,24,22,5,21,15,14,3
Los Angeles Clippers,1996,0,0.439,97.2,36.5,27.3,-2.8,47.5,49.2,6,17,14,17,8,15,4
Sacramento Kings,1996,0,0.415,96.4,36.6,28.1,-4.3,47.0,50.2,11,24,19,20,5,12,6
Milwaukee Bucks,1996,0,0.402,95.3,36.2,27.6,-2.0,47.7,50.1,23,29,12,15,23,17,9
Golden State Warriors,1996,0,0.366,99.6,36.5,27.5,-5.0,46.4,49.7,12,15,4,1,10,18,18
Toronto Raptors,1996,0,0.366,95.5,35.3,27.5,-3.5,46.7,49.8,10,6,23,22,4,8,11
New Jersey Nets,1996,0,0.317,97.2,36.5,29.0,-4.8,45.7,51.3,1,16,17,16,1,2,12
Dallas Mavericks,1996,0,0.293,90.6,34.3,27.6,-6.5,44.8,48.8,16,23,27,25,13,9,17
Philadelphia 76ers,1996,0,0.268,100.2,36.6,28.7,-6.9,45.3,50.4,4,21,2,18,2,3,23
Denver Nuggets,1996,0,0.256,97.8,35.8,29.9,-6.6,46.1,49.6,7,4,15,6,19,5,19
San Antonio Spurs,1996,0,0.244,90.5,34.5,26.0,-8.8,44.0,49.0,20,25,25,24,6,6,20
Boston Celtics,1996,0,0.183,100.6,37.4,26.7,-7.2,43.4,48.2,2,19,6,10,9,1,8
Vancouver Grizzlies,1996,0,0.171,89.2,34.4,26.3,-11.0,43.3,46.9,17,20,29,27,16,4,21
Chicago Bulls,1997,1,0.756,96.7,37.4,29.7,7.8,56.0,52.7,7,17,19,14,3,27,25
Utah Jazz,1997,0,0.756,101.0,36.5,29.3,7.2,57.1,52.9,29,26,1,1,26,10,3
Los Angeles Lakers,1997,0,0.744,105.5,38.4,30.1,8.1,55.8,50.3,13,5,2,29,11,11,11
Seattle SuperSonics,1997,0,0.744,100.6,37.2,27.1,7.9,54.4,48.1,15,1,18,23,28,15,18
Indiana Pacers,1997,0,0.707,96.0,35.6,28.6,6.8,55.3,49.0,26,9,13,6,29,21,12
Phoenix Suns,1997,0,0.683,99.6,38.3,29.9,5.6,54.7,49.7,9,6,24,11,21,28,22
San Antonio Spurs,1997,0,0.683,92.5,35.3,32.2,4.4,55.1,52.4,28,19,20,27,22,19,24
Miami Heat,1997,0,0.671,95.0,34.8,29.5,5.2,53.5,50.8,25,3,17,16,19,22,2
Charlotte Hornets,1997,0,0.622,96.6,36.2,28.5,2.2,52.6,51.0,24,12,11,10,23,23,23
Atlanta Hawks,1997,0,0.61,95.9,35.2,29.5,4.0,53.2,51.8,23,13,3,7,9,24,26
Cleveland Cavaliers,1997,0,0.573,92.5,34.4,28.4,2.8,52.8,50.8,27,21,9,8,27,8,5
Portland Trail Blazers,1997,0,0.561,94.3,35.2,30.8,1.6,51.2,52.5,20,14,12,18,12,9,13
Minnesota Timberwolves,1997,0,0.549,101.1,38.5,29.6,0.8,51.5,49.7,4,20,7,15,14,12,9
New Jersey Nets,1997,0,0.524,99.6,37.3,26.1,1.5,49.7,50.8,2,18,4,13,1,3,7
New York Knicks,1997,0,0.524,91.6,34.9,29.7,2.7,51.7,51.2,17,10,27,2,25,29,4
Washington Wizards,1997,0,0.512,97.2,37.6,28.5,0.7,50.7,50.1,5,16,21,26,7,25,16
Houston Rockets,1997,0,0.5,98.8,35.9,28.7,-0.9,49.0,49.9,14,2,14,4,24,26,27
Orlando Magic,1997,0,0.5,90.1,33.8,26.9,-1.2,48.9,50.5,16,22,16,20,6,17,29
Detroit Pistons,1997,0,0.451,94.2,34.9,28.5,1.6,50.5,50.0,22,23,6,12,15,18,21
Boston Celtics,1997,0,0.439,95.9,36.7,24.9,-2.7,45.7,48.4,1,7,26,21,4,13,1
Milwaukee Bucks,1997,0,0.439,94.5,35.6,27.3,-2.2,48.3,50.1,21,27,8,5,18,16,8
Philadelphia 76ers,1997,0,0.378,93.3,34.6,28.0,-2.3,47.8,49.9,18,28,5,19,8,5,10
Sacramento Kings,1997,0,0.329,93.1,36.1,28.1,-5.9,45.8,48.3,11,24,25,28,10,7,19
Dallas Mavericks,1997,0,0.244,91.4,35.1,27.8,-6.3,44.6,46.6,8,8,29,9,20,20,28
Golden State Warriors,1997,0,0.232,88.3,34.7,30.2,-9.6,42.3,50.5,3,29,28,25,2,6,14
Vancouver Grizzlies,1997,0,0.232,96.6,36.7,28.2,-7.8,45.2,49.6,12,15,15,17,13,1,20
Los Angeles Clippers,1997,0,0.207,95.9,35.7,27.8,-7.7,43.7,48.1,10,4,22,22,16,14,17
Toronto Raptors,1997,0,0.195,94.9,36.2,26.2,-9.5,43.1,46.6,6,11,23,24,5,4,15
Denver Nuggets,1997,0,0.134,89.0,32.6,26.3,-13.2,40.7,48.2,19,25,10,3,17,2,6
San Antonio Spurs,1998,1,0.74,92.8,34.8,31.7,9.1,58.2,51.2,21,24,11,24,16,13,26
Utah Jazz,1998,0,0.74,93.3,33.7,30.2,7.4,59.1,51.6,27,27,1,3,24,8,14
Portland Trail Blazers,1998,0,0.7,94.8,34.9,31.4,6.6,55.6,51.9,12,11,10,9,13,14,16
Indiana Pacers,1998,0,0.66,94.7,34.6,29.0,4.3,52.6,49.5,17,4,12,1,21,18,20
Miami Heat,1998,0,0.66,89.0,32.3,30.2,5.8,56.0,50.3,28,5,15,12,27,29,23
Orlando Magic,1998,0,0.66,89.5,33.7,28.9,2.6,51.9,51.8,13,14,22,23,7,19,29
Atlanta Hawks,1998,0,0.62,86.3,30.8,30.0,3.1,52.5,52.7,23,20,3,15,9,15,27
Houston Rockets,1998,0,0.62,94.2,35.1,30.8,2.5,52.3,50.6,22,1,23,16,26,16,28
Los Angeles Lakers,1998,0,0.62,99.0,36.8,29.6,3.3,52.7,50.0,15,12,5,26,17,27,2
Detroit Pistons,1998,0,0.58,90.4,33.2,28.2,4.0,51.5,51.4,25,10,14,11,18,21,10
Milwaukee Bucks,1998,0,0.56,91.7,35.1,27.4,1.8,51.2,48.4,20,13,25,13,23,28,11
Philadelphia 76ers,1998,0,0.56,89.7,33.1,28.6,2.4,51.8,51.5,16,29,2,18,3,9,7
New York Knicks,1998,0,0.54,86.4,32.2,30.2,1.2,51.5,49.4,26,18,18,14,25,24,12
Phoenix Suns,1998,0,0.54,95.6,35.9,28.4,2.2,52.9,48.9,7,9,16,5,19,26,24
Sacramento Kings,1998,0,0.54,100.2,38.4,31.5,-0.4,49.4,49.3,2,6,19,27,6,23,25
Charlotte Hornets,1998,0,0.52,92.9,33.4,29.9,0.0,51.1,48.2,24,8,4,8,28,20,19
Minnesota Timberwolves,1998,0,0.5,92.9,36.8,27.8,0.5,49.3,50.1,1,28,24,10,2,10,6
Seattle SuperSonics,1998,0,0.5,94.9,35.1,28.4,-0.9,49.0,50.6,10,2,17,28,10,22,22
Toronto Raptors,1998,0,0.46,91.1,33.2,28.9,-1.9,48.9,51.5,14,15,7,6,5,11,13
Cleveland Cavaliers,1998,0,0.44,86.4,31.2,26.3,-1.9,49.3,47.8,29,21,6,7,29,6,4
Golden State Warriors,1998,0,0.42,88.3,34.6,31.2,-2.9,46.6,52.3,3,25,28,29,1,3,1
Boston Celtics,1998,0,0.38,93.0,36.3,29.2,-2.1,47.3,49.3,4,7,29,25,8,12,5
Dallas Mavericks,1998,0,0.38,91.6,35.0,29.6,-2.7,47.4,49.5,6,19,21,17,14,17,21
Washington Wizards,1998,0,0.36,91.2,35.4,28.1,-2.3,47.6,48.8,11,22,26,22,20,25,8
New Jersey Nets,1998,0,0.32,91.4,33.8,28.7,-4.2,46.6,49.6,5,16,13,2,4,2,15
Denver Nuggets,1998,0,0.28,93.5,33.6,27.8,-7.3,44.2,48.3,9,3,8,4,15,7,9
Chicago Bulls,1998,0,0.26,81.9,30.8,27.9,-10.4,42.0,48.2,19,23,27,21,22,5,18
Los Angeles Clippers,1998,0,0.18,90.4,34.2,25.9,-9.6,40.2,48.0,8,17,20,19,11,4,3
Vancouver Grizzlies,1998,0,0.16,88.9,32.9,27.2,-9.3,42.7,49.0,18,26,9,20,12,1,17
Los Angeles Lakers,1999,1,0.817,100.8,38.3,33.4,9.0,57.3,51.8,11,17,5,28,5,26,20
Portland Trail Blazers,1999,0,0.72,97.5,36.8,31.2,6.9,55.9,52.3,25,14,17,11,20,24,19
Indiana Pacers,1999,0,0.683,101.3,37.2,31.9,5.1,53.4,49.2,20,1,7,1,28,29,22
Utah Jazz,1999,0,0.671,96.5,36.1,29.6,4.6,55.1,51.6,27,23,3,9,22,18,6
Phoenix Suns,1999,0,0.646,98.9,37.7,31.2,5.4,54.2,50.0,14,8,23,12,14,14,10
San Antonio Spurs,1999,0,0.646,96.2,36.0,32.5,6.4,55.6,51.2,26,24,6,16,24,15,27
Miami Heat,1999,0,0.634,94.4,36.3,31.9,3.1,54.3,50.8,23,9,29,21,25,23,13
Minnesota Timberwolves,1999,0,0.61,98.5,39.3,30.1,2.5,53.1,50.7,6,28,26,7,15,27,15
New York Knicks,1999,0,0.61,92.1,35.3,30.7,1.5,50.7,49.6,28,16,24,5,29,25,9
Charlotte Hornets,1999,0,0.598,98.4,35.8,32.1,2.8,54.1,50.1,22,20,2,13,27,16,28
Philadelphia 76ers,1999,0,0.598,94.8,36.5,30.1,1.5,50.8,50.4,15,29,12,26,2,1,14
Seattle SuperSonics,1999,0,0.549,99.1,37.9,30.3,1.0,49.6,49.1,5,3,27,29,11,11,23
Toronto Raptors,1999,0,0.549,97.2,36.3,29.9,-0.1,50.0,49.9,8,11,11,10,7,12,8
Sacramento Kings,1999,0,0.537,105.0,40.0,32.1,2.9,51.3,49.3,1,4,19,14,10,19,25
Detroit Pistons,1999,0,0.512,103.5,37.1,30.0,1.4,50.6,49.5,21,10,1,6,26,21,7
Milwaukee Bucks,1999,0,0.512,101.2,38.7,28.9,0.3,49.8,49.7,12,15,16,3,16,28,5
Orlando Magic,1999,0,0.5,100.1,38.6,31.0,0.8,49.7,50.6,4,26,13,22,3,6,11
Dallas Mavericks,1999,0,0.488,101.4,39.0,29.8,-0.5,49.3,46.6,3,5,25,2,23,17,24
Boston Celtics,1999,0,0.427,99.3,37.2,29.5,-1.1,47.6,50.6,9,13,8,18,6,7,1
Denver Nuggets,1999,0,0.427,99.0,37.3,31.6,-2.3,48.3,50.4,7,7,18,24,8,9,12
Houston Rockets,1999,0,0.415,99.5,36.6,31.5,-0.8,49.0,50.8,19,2,14,23,17,13,29
Cleveland Cavaliers,1999,0,0.39,97.0,36.3,30.5,-3.5,47.5,49.6,17,18,4,15,18,3,2
New Jersey Nets,1999,0,0.378,98.0,36.3,28.2,-1.1,47.9,47.2,10,6,9,4,12,8,16
Washington Wizards,1999,0,0.354,96.6,36.7,29.7,-3.4,47.1,50.6,18,21,15,19,9,4,3
Atlanta Hawks,1999,0,0.341,94.3,36.6,31.3,-5.7,46.2,51.6,13,27,22,20,4,20,26
Vancouver Grizzlies,1999,0,0.268,93.9,35.3,28.3,-6.0,45.7,50.1,24,25,10,8,19,2,18
Golden State Warriors,1999,0,0.232,95.5,36.5,29.7,-8.4,43.1,49.9,2,19,20,27,1,5,4
Chicago Bulls,1999,0,0.207,84.8,31.3,28.3,-10.0,41.7,49.9,29,22,21,25,13,10,17
Los Angeles Clippers,1999,0,0.183,92.0,35.1,29.0,-11.9,41.1,47.4,16,12,28,17,21,22,21
San Antonio Spurs,2000,0,0.707,96.2,35.2,33.1,8.3,57.3,51.1,27,10,4,25,24,15,29
Los Angeles Lakers,2000,1,0.683,100.6,37.9,31.5,3.5,53.2,51.7,11,11,10,29,4,28,13
Philadelphia 76ers,2000,0,0.683,94.7,35.4,31.7,4.6,53.6,52.3,19,28,3,18,5,10,26
Sacramento Kings,2000,0,0.671,101.7,38.2,33.0,5.7,54.0,49.7,2,7,8,5,14,8,28
Dallas Mavericks,2000,0,0.646,100.5,37.6,31.4,4.4,52.3,48.1,10,3,13,2,27,23,8
Utah Jazz,2000,0,0.646,97.1,36.1,29.1,5.2,54.8,51.9,26,21,1,16,19,11,1
Milwaukee Bucks,2000,0,0.634,100.7,38.0,30.5,4.2,51.9,49.4,8,2,17,3,15,26,6
Phoenix Suns,2000,0,0.622,94.0,35.9,30.8,2.3,52.1,50.0,9,22,15,15,16,18,14
Miami Heat,2000,0,0.61,88.9,32.9,29.7,2.3,52.3,49.0,28,8,23,10,28,16,25
Portland Trail Blazers,2000,0,0.61,95.4,36.6,30.3,4.2,54.4,52.2,24,16,22,9,17,29,20
New York Knicks,2000,0,0.585,88.7,33.6,30.8,3.0,52.0,49.8,29,13,27,1,29,27,15
Minnesota Timberwolves,2000,0,0.573,97.3,38.4,30.1,1.6,51.8,49.8,6,25,29,4,12,25,10
Toronto Raptors,2000,0,0.573,97.6,37.2,30.8,2.3,52.2,51.5,3,12,16,17,2,12,21
Charlotte Hornets,2000,0,0.561,91.9,34.1,31.8,2.1,52.7,51.3,17,19,9,19,8,24,19
Houston Rockets,2000,0,0.549,97.2,35.9,30.8,2.4,50.9,50.2,18,5,11,14,21,20,27
Seattle SuperSonics,2000,0,0.537,97.3,36.9,29.5,0.2,49.4,49.6,13,9,20,23,13,4,22
Orlando Magic,2000,0,0.524,97.5,36.7,29.9,1.0,49.5,48.9,7,6,18,26,6,13,2
Indiana Pacers,2000,0,0.5,92.6,34.5,31.6,-0.2,51.0,49.7,23,14,14,7,22,22,7
Denver Nuggets,2000,0,0.488,96.6,36.3,31.5,-2.8,48.0,49.7,4,4,21,22,7,6,17
Boston Celtics,2000,0,0.439,94.6,33.8,28.9,-2.2,46.8,47.8,20,1,6,20,25,14,4
Detroit Pistons,2000,0,0.39,95.6,35.6,32.0,-1.8,48.0,50.5,5,15,7,24,3,21,5
Los Angeles Clippers,2000,0,0.378,92.5,35.3,31.2,-2.9,47.6,50.6,21,17,24,28,18,19,18
Cleveland Cavaliers,2000,0,0.366,92.2,35.2,29.8,-4.2,46.9,50.5,15,29,12,8,10,1,11
New Jersey Nets,2000,0,0.317,92.1,33.9,28.5,-5.4,44.6,47.7,14,18,5,11,23,2,3
Atlanta Hawks,2000,0,0.305,91.0,35.1,30.4,-5.5,45.2,50.1,12,20,28,12,9,3,16
Vancouver Grizzlies,2000,0,0.28,91.7,35.0,29.6,-6.0,46.5,48.4,16,23,19,6,26,9,23
Washington Wizards,2000,0,0.232,93.2,34.5,28.9,-6.8,45.3,50.2,22,26,2,13,11,5,9
Golden State Warriors,2000,0,0.207,92.5,35.8,29.1,-9.2,42.7,50.4,1,27,25,27,1,7,24
Chicago Bulls,2000,0,0.183,87.6,33.2,27.6,-10.0,43.2,48.0,25,24,26,21,20,17,12
Sacramento Kings,2001,0,0.744,104.6,39.8,33.0,8.1,55.2,50.2,1,12,6,16,15,22,28
Los Angeles Lakers,2001,1,0.707,101.3,38.4,31.8,7.6,54.9,50.1,8,6,12,29,13,27,8
San Antonio Spurs,2001,0,0.707,96.7,35.5,31.3,6.9,55.4,50.1,28,11,3,20,24,13,26
Dallas Mavericks,2001,0,0.695,105.2,39.0,31.3,4.3,51.7,48.7,4,2,7,1,23,25,5
New Jersey Nets,2001,0,0.634,96.2,37.1,30.7,4.3,53.7,50.3,9,16,19,24,12,11,18
Detroit Pistons,2001,0,0.61,94.3,34.7,28.9,2.3,52.3,48.1,29,5,14,13,29,29,21
Minnesota Timberwolves,2001,0,0.61,99.3,38.7,31.2,3.4,52.9,52.4,5,18,20,2,9,16,17
Boston Celtics,2001,0,0.598,96.4,34.8,31.3,2.2,50.0,48.1,10,1,10,10,26,5,12
Portland Trail Blazers,2001,0,0.598,96.6,36.6,29.8,3.3,51.8,52.2,13,10,15,11,6,17,25
Seattle SuperSonics,2001,0,0.549,97.7,38.2,28.5,3.3,52.2,49.0,12,7,27,14,17,19,19
Charlotte Hornets,2001,0,0.537,93.9,35.3,30.5,1.2,51.3,51.1,19,22,8,18,10,14,16
Orlando Magic,2001,0,0.537,100.5,37.6,29.7,1.5,49.7,47.7,6,3,16,15,20,23,22
Utah Jazz,2001,0,0.537,96.0,35.0,28.6,0.9,53.0,52.1,27,28,1,12,4,2,1
Philadelphia 76ers,2001,0,0.524,91.0,34.2,30.9,1.8,52.0,52.3,25,29,5,4,5,8,23
Indiana Pacers,2001,0,0.512,96.8,35.8,31.3,0.4,51.0,49.9,20,17,4,5,21,7,3
Toronto Raptors,2001,0,0.512,91.4,35.6,28.5,-0.6,49.6,50.3,11,19,26,22,2,21,13
Milwaukee Bucks,2001,0,0.5,97.5,37.1,31.2,-0.3,50.2,49.1,21,4,24,17,28,26,10
Los Angeles Clippers,2001,0,0.476,95.7,36.2,30.2,-0.4,49.5,51.2,14,15,11,23,7,12,24
Washington Wizards,2001,0,0.451,92.8,35.8,29.2,-1.6,48.6,50.4,15,26,17,8,11,18,14
Miami Heat,2001,0,0.439,87.2,34.2,31.0,-1.7,50.1,50.5,26,25,29,25,25,28,6
Phoenix Suns,2001,0,0.439,95.1,37.8,29.6,-0.7,48.6,49.8,3,21,28,7,8,6,11
Atlanta Hawks,2001,0,0.402,94.0,35.4,29.8,-4.4,46.5,49.1,17,13,13,9,19,4,20
New York Knicks,2001,0,0.366,91.6,34.4,30.0,-4.2,46.6,48.9,23,9,21,3,27,24,9
Cleveland Cavaliers,2001,0,0.354,95.3,36.0,30.3,-3.6,48.2,50.5,18,20,9,6,18,9,15
Houston Rockets,2001,0,0.341,92.3,34.6,29.4,-5.4,45.8,49.7,16,8,22,21,14,15,29
Denver Nuggets,2001,0,0.329,92.2,35.5,28.2,-6.3,44.2,49.7,7,14,25,19,3,1,4
Memphis Grizzlies,2001,0,0.28,89.9,34.8,29.4,-8.0,45.6,48.3,22,23,23,28,16,10,27
Chicago Bulls,2001,0,0.256,89.5,34.3,28.8,-9.1,43.6,48.7,24,27,18,26,22,20,7
Golden State Warriors,2001,0,0.256,97.7,36.6,30.4,-5.6,45.6,51.6,2,24,2,27,1,3,2
Dallas Mavericks,2002,0,0.732,103.0,38.5,31.0,8.3,54.6,47.8,2,2,15,1,24,27,21
San Antonio Spurs,2002,1,0.732,95.8,35.5,31.2,5.8,54.9,50.8,27,11,9,26,20,12,25
Sacramento Kings,2002,0,0.72,101.7,39.5,33.5,6.6,55.1,49.3,1,7,24,18,25,24,26
Minnesota Timberwolves,2002,0,0.622,98.1,38.7,31.9,2.2,52.9,50.8,5,24,23,10,16,19,23
Detroit Pistons,2002,0,0.61,91.4,32.9,29.8,4.2,52.5,49.9,28,6,12,9,26,25,20
Los Angeles Lakers,2002,0,0.61,100.4,37.7,31.1,2.2,52.0,50.9,4,8,13,25,5,28,5
Portland Trail Blazers,2002,0,0.61,95.2,36.4,29.0,2.7,51.5,51.5,22,19,19,19,13,20,28
New Jersey Nets,2002,0,0.598,95.4,35.4,30.8,5.4,54.4,51.0,18,22,5,15,14,8,16
Indiana Pacers,2002,0,0.585,96.8,35.5,32.0,3.5,53.8,50.9,16,20,4,13,12,3,10
Philadelphia 76ers,2002,0,0.585,96.8,36.3,29.5,2.6,51.6,50.9,15,27,2,8,7,2,11
New Orleans Hornets,2002,0,0.573,93.9,35.5,30.2,2.4,51.7,51.8,12,15,18,11,4,9,17
Utah Jazz,2002,0,0.573,94.7,35.3,29.0,2.6,55.1,51.9,29,29,3,20,8,10,8
Boston Celtics,2002,0,0.537,92.7,32.9,30.1,-0.6,48.0,47.4,21,1,17,22,28,22,19
Phoenix Suns,2002,0,0.537,95.5,36.6,29.8,1.3,49.8,49.6,6,17,21,23,6,6,12
Houston Rockets,2002,0,0.524,93.8,34.6,31.3,1.5,51.1,51.8,24,12,11,12,9,21,29
Milwaukee Bucks,2002,0,0.512,99.5,37.1,28.9,0.3,49.5,47.7,13,4,16,7,27,26,9
Orlando Magic,2002,0,0.512,98.5,35.9,29.2,0.0,48.2,48.5,7,5,7,6,17,14,3
Seattle SuperSonics,2002,0,0.488,92.1,35.2,29.1,-0.2,50.2,49.7,17,10,26,21,18,15,22
Golden State Warriors,2002,0,0.463,102.4,37.3,31.0,-1.3,49.2,51.8,3,13,1,5,1,4,13
New York Knicks,2002,0,0.451,95.9,36.2,29.0,-1.3,47.4,48.0,10,3,27,2,29,29,4
Washington Wizards,2002,0,0.451,91.5,34.3,29.2,-1.1,49.8,49.6,26,26,8,4,23,23,27
Atlanta Hawks,2002,0,0.427,94.1,34.9,31.2,-3.8,48.3,49.9,25,16,10,3,22,16,15
Chicago Bulls,2002,0,0.366,95.0,36.5,31.0,-5.1,45.7,49.2,11,21,20,27,15,17,2
Memphis Grizzlies,2002,0,0.341,97.5,37.2,30.1,-3.5,48.2,48.2,9,9,22,24,21,11,24
Los Angeles Clippers,2002,0,0.329,93.8,34.6,30.0,-4.0,47.0,49.6,23,18,6,16,11,13,14
Miami Heat,2002,0,0.305,85.6,32.8,30.0,-5.8,45.6,50.1,20,23,28,14,19,7,7
Toronto Raptors,2002,0,0.293,90.9,34.7,28.7,-6.3,44.7,49.1,14,14,25,28,10,18,18
Cleveland Cavaliers,2002,0,0.207,91.4,34.8,31.0,-9.9,43.1,51.3,8,25,14,17,2,5,6
Denver Nuggets,2002,0,0.207,84.2,32.8,28.8,-8.9,42.5,51.1,19,28,29,29,3,1,1
Indiana Pacers,2003,0,0.744,91.4,33.6,29.9,6.3,53.9,51.1,25,9,11,11,17,2,21
Minnesota Timberwolves,2003,0,0.707,94.5,37.0,32.3,5.7,55.4,50.7,14,25,25,5,25,29,16
San Antonio Spurs,2003,0,0.695,91.5,34.7,32.5,7.9,56.6,51.6,20,17,20,29,11,24,24
Los Angeles Lakers,2003,0,0.683,98.2,36.9,30.9,4.1,53.8,50.6,7,22,5,28,13,28,17
Sacramento Kings,2003,0,0.671,102.8,37.8,30.4,5.4,54.4,48.8,6,2,6,2,24,16,28
Detroit Pistons,2003,1,0.659,90.1,33.5,30.4,6.5,55.8,51.2,26,23,9,13,12,17,25
Dallas Mavericks,2003,0,0.634,105.2,40.5,31.0,4.5,52.7,50.7,1,6,15,1,1,21,27
Memphis Grizzlies,2003,0,0.61,96.7,36.1,29.0,2.6,52.2,48.9,9,10,10,24,8,4,3
New Jersey Nets,2003,0,0.573,90.3,34.3,30.2,2.6,53.3,50.1,23,20,21,14,26,25,18
Houston Rockets,2003,0,0.549,89.8,33.4,32.3,1.9,51.3,51.6,28,5,24,8,28,26,12
Denver Nuggets,2003,0,0.524,97.2,36.5,29.1,1.0,50.5,49.8,2,26,3,9,7,3,10
Miami Heat,2003,0,0.512,90.3,33.3,30.0,0.3,49.6,50.4,21,7,18,12,20,8,8
Utah Jazz,2003,0,0.512,88.7,32.8,27.7,-1.3,49.3,52.9,29,28,4,20,5,1,1
Milwaukee Bucks,2003,0,0.5,98.0,36.2,30.5,1.1,51.0,49.9,10,19,2,7,18,18,26
New Orleans Hornets,2003,0,0.5,91.8,33.8,29.5,0.1,49.1,50.2,11,4,19,17,6,13,19
Portland Trail Blazers,2003,0,0.5,90.7,35.3,29.0,-1.5,48.8,50.7,19,21,28,23,10,20,29
New York Knicks,2003,0,0.476,92.0,35.1,31.0,-1.6,48.8,50.8,17,18,23,3,19,22,4
Golden State Warriors,2003,0,0.451,93.3,35.1,30.9,-1.1,49.1,50.3,18,12,17,25,14,14,23
Seattle SuperSonics,2003,0,0.451,97.1,35.8,28.3,-0.8,49.1,47.9,12,1,26,10,23,23,11
Boston Celtics,2003,0,0.439,95.3,34.7,29.8,-1.5,49.0,47.3,22,3,8,18,27,19,6
Cleveland Cavaliers,2003,0,0.427,92.9,35.6,31.9,-2.6,49.1,51.4,4,29,13,15,3,10,13
Philadelphia 76ers,2003,0,0.402,88.0,32.7,29.4,-2.6,48.4,49.8,27,24,14,16,21,5,22
Toronto Raptors,2003,0,0.402,85.4,32.4,29.5,-3.4,47.6,47.1,24,8,29,19,29,27,14
Phoenix Suns,2003,0,0.354,94.2,36.1,29.3,-3.8,46.6,47.9,8,15,22,21,22,11,5
Atlanta Hawks,2003,0,0.341,92.8,34.5,30.6,-4.8,46.6,50.0,16,16,12,6,16,15,7
Los Angeles Clippers,2003,0,0.341,94.8,34.4,29.5,-4.7,46.4,51.7,13,27,1,4,2,12,9
Washington Wizards,2003,0,0.305,91.8,33.6,29.2,-5.7,44.1,49.6,15,11,7,27,4,6,20
Chicago Bulls,2003,0,0.28,89.7,34.1,30.7,-6.5,44.6,49.1,5,13,27,26,9,9,2
Orlando Magic,2003,0,0.256,94.0,35.4,28.7,-7.4,43.4,48.1,3,14,16,22,15,7,15
Phoenix Suns,2004,0,0.756,110.4,40.9,32.3,7.0,54.6,49.0,2,1,19,22,18,27,30
Miami Heat,2004,0,0.72,101.5,37.8,32.2,6.7,55.6,50.8,26,14,13,30,25,30,20
San Antonio Spurs,2004,1,0.72,96.2,35.6,30.4,8.3,56.5,51.0,21,11,22,26,15,8,26
Dallas Mavericks,2004,0,0.707,102.5,37.3,30.9,5.9,53.7,50.0,7,15,1,4,14,14,18
Detroit Pistons,2004,0,0.659,93.3,34.8,30.6,4.3,54.2,51.8,22,22,16,23,6,22,29
Seattle SuperSonics,2004,0,0.634,98.9,35.1,28.2,2.3,50.4,51.7,20,2,11,3,8,18,6
Houston Rockets,2004,0,0.622,95.1,34.7,31.7,4.3,52.7,51.2,23,6,21,7,27,28,21
Sacramento Kings,2004,0,0.61,103.7,39.1,29.9,2.3,52.2,49.1,3,9,18,6,10,23,28
Denver Nuggets,2004,0,0.598,99.5,37.0,30.2,2.2,53.1,49.7,14,24,6,15,19,4,13
Chicago Bulls,2004,0,0.573,94.5,34.7,31.6,1.4,49.8,50.6,16,12,23,21,13,7,2
Boston Celtics,2004,0,0.549,101.3,37.1,29.7,0.8,50.5,49.4,19,17,3,14,23,15,4
Memphis Grizzlies,2004,0,0.549,93.4,34.2,28.1,2.7,51.5,48.7,29,8,24,19,26,2,9
Washington Wizards,2004,0,0.549,100.5,36.2,29.0,-0.4,48.5,49.7,5,10,2,24,1,12,22
Indiana Pacers,2004,0,0.537,93.0,32.5,29.5,1.0,50.4,49.4,30,7,7,2,28,16,11
Minnesota Timberwolves,2004,0,0.537,96.8,37.1,31.5,1.6,51.8,50.8,12,21,26,1,22,29,25
Philadelphia 76ers,2004,0,0.524,99.1,35.9,30.9,-0.7,49.3,49.1,6,13,8,5,24,20,14
Cleveland Cavaliers,2004,0,0.512,96.5,36.5,28.7,0.6,51.0,51.0,8,27,14,20,2,9,16
New Jersey Nets,2004,0,0.512,91.4,33.6,29.1,-1.7,49.0,49.5,24,18,20,16,29,17,5
Los Angeles Clippers,2004,0,0.451,95.7,35.7,29.9,-0.8,51.8,51.8,27,30,4,8,16,19,19
Orlando Magic,2004,0,0.439,99.5,37.0,31.0,-2.3,48.9,50.7,9,25,5,17,9,26,8
Golden State Warriors,2004,0,0.415,98.7,36.9,29.7,-2.2,47.3,47.7,1,5,28,27,5,10,17
Los Angeles Lakers,2004,0,0.415,98.7,35.3,30.6,-3.2,46.8,50.3,13,3,12,9,11,11,23
New York Knicks,2004,0,0.402,97.3,36.3,29.2,-2.7,47.5,49.8,15,16,17,12,20,21,7
Toronto Raptors,2004,0,0.402,99.7,36.0,29.8,-1.8,47.9,47.3,11,4,15,10,30,25,15
Milwaukee Bucks,2004,0,0.366,97.2,36.1,29.3,-3.0,47.8,50.3,17,23,9,11,17,24,24
Portland Trail Blazers,2004,0,0.329,92.9,35.3,29.3,-4.3,47.5,49.6,25,19,29,25,21,13,27
Utah Jazz,2004,0,0.317,93.0,34.5,27.4,-4.4,47.5,51.8,28,29,10,18,7,3,1
Charlotte Bobcats,2004,0,0.22,94.3,36.1,28.5,-6.2,46.0,49.2,4,26,25,29,4,6,10
New Orleans Hornets,2004,0,0.22,88.4,33.1,27.8,-7.7,43.7,49.4,18,20,30,13,12,5,12
Atlanta Hawks,2004,0,0.159,92.7,35.9,28.5,-10.2,42.2,50.2,10,28,27,28,3,1,3
Detroit Pistons,2005,0,0.78,96.8,36.4,28.6,7.6,55.7,49.7,11,6,27,23,9,29,30
San Antonio Spurs,2005,0,0.768,95.6,36.5,31.1,7.5,55.4,50.5,20,10,29,28,22,25,26
Dallas Mavericks,2005,0,0.732,99.1,36.0,29.6,6.7,55.1,52.2,18,21,3,6,3,11,20
Phoenix Suns,2005,0,0.659,108.4,41.8,32.3,5.4,54.7,48.0,1,1,30,1,30,30,28
Miami Heat,2005,1,0.634,99.9,37.1,32.6,4.1,53.8,51.9,19,12,17,29,20,28,15
Cleveland Cavaliers,2005,0,0.61,97.6,35.5,30.6,2.1,51.0,51.4,17,13,9,21,11,21,25
Memphis Grizzlies,2005,0,0.598,92.2,33.5,29.0,4.1,51.6,49.6,30,5,24,27,25,1,24
New Jersey Nets,2005,0,0.598,93.8,33.9,31.0,1.5,51.3,50.1,23,16,12,9,27,27,11
Los Angeles Clippers,2005,0,0.573,97.2,36.5,33.0,1.6,52.3,51.3,15,30,8,2,26,23,16
Los Angeles Lakers,2005,0,0.549,99.4,36.5,30.3,2.6,51.8,50.7,9,8,18,15,10,24,13
Denver Nuggets,2005,0,0.537,100.3,37.5,30.3,0.3,51.2,49.4,6,24,6,16,14,4,17
Sacramento Kings,2005,0,0.537,98.9,36.0,30.2,1.8,51.5,49.5,13,15,7,5,23,12,29
Washington Wizards,2005,0,0.512,101.7,36.3,28.6,1.9,50.3,49.9,7,14,1,12,4,26,19
Chicago Bulls,2005,0,0.5,97.8,36.6,31.7,0.7,50.1,50.3,4,7,25,17,15,7,3
Indiana Pacers,2005,0,0.5,93.9,34.0,31.2,2.0,51.4,50.6,24,9,19,19,16,13,22
Utah Jazz,2005,0,0.5,92.4,33.5,29.0,-2.7,49.7,52.6,27,26,4,25,1,2,4
Milwaukee Bucks,2005,0,0.488,97.8,36.3,29.9,-1.0,48.6,50.7,10,11,22,18,12,9,12
New Orleans/Oklahoma City Hornets,2005,0,0.463,92.8,34.5,29.0,-2.8,48.4,49.7,16,28,15,10,13,5,23
Philadelphia 76ers,2005,0,0.463,99.4,36.6,29.6,-1.8,49.2,48.1,12,22,5,7,19,17,27
Orlando Magic,2005,0,0.439,94.9,35.5,29.3,-1.3,49.5,51.6,29,29,10,20,17,18,10
Seattle SuperSonics,2005,0,0.427,102.6,37.5,27.2,-3.3,46.7,49.5,5,3,16,4,6,14,9
Golden State Warriors,2005,0,0.415,98.5,35.8,30.3,-1.4,47.5,48.5,3,2,21,26,8,10,8
Houston Rockets,2005,0,0.415,90.1,33.0,31.3,-1.7,49.0,50.1,26,17,23,8,24,20,18
Boston Celtics,2005,0,0.402,98.0,36.0,29.7,-1.5,48.5,49.7,22,18,11,13,28,15,5
Minnesota Timberwolves,2005,0,0.402,91.7,35.2,29.5,-2.0,50.3,49.0,21,27,26,11,29,19,14
Toronto Raptors,2005,0,0.329,101.1,36.7,27.9,-3.2,45.9,48.4,8,4,13,3,21,22,6
Atlanta Hawks,2005,0,0.317,97.2,35.9,27.2,-5.3,46.2,49.6,14,19,14,14,2,8,2
Charlotte Bobcats,2005,0,0.317,96.9,36.1,27.7,-4.4,46.3,47.9,2,20,20,22,7,3,7
New York Knicks,2005,0,0.28,95.6,34.4,28.8,-6.6,44.4,51.8,28,25,2,24,5,6,1
Portland Trail Blazers,2005,0,0.256,88.8,34.0,26.9,-10.7,42.4,48.0,25,23,28,30,18,16,21
Dallas Mavericks,2006,0,0.817,100.0,36.7,30.7,7.6,55.2,52.2,20,8,12,2,15,27,14
Phoenix Suns,2006,0,0.744,110.2,41.3,31.5,7.4,56.1,48.4,2,1,26,1,30,29,28
San Antonio Spurs,2006,1,0.707,98.5,36.6,31.4,9.2,56.9,50.5,27,6,24,17,28,23,30
Detroit Pistons,2006,0,0.646,96.0,35.9,29.0,4.8,53.3,49.3,17,22,18,7,10,30,25
Houston Rockets,2006,0,0.634,97.0,35.4,32.6,4.9,52.9,50.8,15,2,27,16,22,20,24
Utah Jazz,2006,0,0.622,101.5,37.4,30.0,3.0,53.1,53.4,18,26,4,20,2,3,1
Cleveland Cavaliers,2006,0,0.61,96.8,36.3,30.8,3.8,52.0,51.8,9,15,25,29,1,21,20
Chicago Bulls,2006,0,0.598,98.8,37.1,31.7,5.2,53.9,51.4,7,16,20,22,8,4,8
Toronto Raptors,2006,0,0.573,99.5,37.0,30.2,1.2,51.4,48.1,13,9,17,5,29,24,26
Denver Nuggets,2006,0,0.549,105.4,38.6,31.2,1.7,51.4,50.2,4,17,5,19,5,7,21
Miami Heat,2006,0,0.537,94.6,35.6,30.8,-1.2,50.8,49.3,29,11,30,30,24,28,23
Golden State Warriors,2006,0,0.512,106.5,39.8,29.9,-0.3,48.9,47.2,1,3,21,26,11,12,5
Los Angeles Lakers,2006,0,0.512,103.3,37.8,30.4,-0.2,49.9,49.6,8,4,11,18,20,9,11
New Jersey Nets,2006,0,0.5,97.6,35.5,30.8,-0.9,49.9,49.6,24,5,15,25,25,18,12
Washington Wizards,2006,0,0.5,104.3,37.4,29.0,-0.4,48.5,48.9,3,7,2,11,6,15,16
Los Angeles Clippers,2006,0,0.488,95.6,35.1,30.3,-0.4,50.9,51.3,28,29,6,6,21,25,13
Orlando Magic,2006,0,0.488,94.8,35.1,29.5,0.8,50.2,51.9,30,27,8,28,16,16,10
New Orleans/Oklahoma City Hornets,2006,0,0.476,95.5,36.2,30.6,-1.6,48.5,51.4,6,23,28,21,4,14,29
Indiana Pacers,2006,0,0.427,95.6,35.0,29.8,-2.5,48.5,50.3,12,18,14,15,7,10,9
Philadelphia 76ers,2006,0,0.427,94.9,35.8,28.7,-3.2,48.9,49.3,22,30,13,9,19,26,27
Charlotte Bobcats,2006,0,0.402,96.9,36.1,28.6,-3.9,47.1,48.5,10,21,16,23,17,5,2
New York Knicks,2006,0,0.402,97.5,35.4,30.7,-3.1,47.1,52.7,26,19,7,27,3,11,6
Sacramento Kings,2006,0,0.402,101.3,35.9,29.2,-1.6,48.5,47.7,14,10,1,12,27,13,19
Minnesota Timberwolves,2006,0,0.39,96.1,36.5,30.2,-4.0,48.7,50.0,16,25,23,3,26,19,22
Portland Trail Blazers,2006,0,0.39,94.1,35.0,28.0,-4.8,45.9,50.7,23,24,19,8,13,17,7
Seattle SuperSonics,2006,0,0.378,99.1,37.2,28.3,-3.0,47.4,49.2,11,12,22,4,14,22,18
Atlanta Hawks,2006,0,0.366,93.7,34.5,28.2,-5.1,46.6,49.9,25,28,9,13,9,8,3
Milwaukee Bucks,2006,0,0.341,99.7,38.1,27.7,-4.3,45.6,47.9,5,13,29,24,12,6,17
Boston Celtics,2006,0,0.293,95.8,34.9,29.2,-3.5,45.9,50.2,19,20,10,10,18,1,4
Memphis Grizzlies,2006,0,0.268,101.6,36.6,29.0,-5.2,46.2,48.6,21,14,3,14,23,2,15
Boston Celtics,2007,1,0.805,100.5,36.4,31.9,10.8,58.1,51.8,30,8,8,8,23,15,5
Detroit Pistons,2007,0,0.72,97.5,36.6,29.5,8.3,55.2,51.3,20,22,18,13,10,28,16
Los Angeles Lakers,2007,0,0.695,108.6,39.6,33.2,7.3,55.1,50.7,6,5,3,10,17,19,17
New Orleans Hornets,2007,0,0.683,100.9,38.6,30.4,5.6,52.6,50.6,8,6,29,11,14,27,29
San Antonio Spurs,2007,0,0.683,95.4,35.8,31.9,5.3,53.3,50.3,28,9,26,15,27,20,30
Houston Rockets,2007,0,0.671,96.7,36.6,32.4,4.8,53.5,51.9,14,10,27,25,9,18,25
Phoenix Suns,2007,0,0.671,110.1,41.4,32.7,5.0,55.6,48.1,9,4,13,4,30,29,23
Utah Jazz,2007,0,0.659,106.2,40.0,29.4,7.2,55.6,52.1,18,26,4,16,13,7,1
Orlando Magic,2007,0,0.634,104.5,37.3,32.6,5.6,52.9,50.1,26,1,9,27,28,24,18
Dallas Mavericks,2007,0,0.622,100.4,36.9,32.2,4.8,53.6,51.4,24,19,7,1,21,21,8
Denver Nuggets,2007,0,0.61,110.7,40.3,32.9,3.4,52.9,49.4,2,13,1,19,15,14,14
Golden State Warriors,2007,0,0.585,111.0,41.5,30.4,1.9,49.6,48.1,1,2,14,18,5,11,4
Cleveland Cavaliers,2007,0,0.549,96.4,35.8,31.3,-0.6,49.0,51.8,15,14,21,28,1,16,15
Washington Wizards,2007,0,0.524,98.8,36.4,29.3,-0.3,48.8,50.3,16,11,12,5,7,22,26
Portland Trail Blazers,2007,0,0.5,95.4,35.8,29.7,-0.8,49.5,49.5,23,15,24,14,18,30,22
Toronto Raptors,2007,0,0.5,100.2,38.4,30.4,3.3,51.9,48.9,13,12,28,2,26,26,27
Philadelphia 76ers,2007,0,0.488,96.6,37.3,28.9,0.5,50.0,51.5,17,30,19,30,2,8,24
Sacramento Kings,2007,0,0.463,102.5,37.1,30.0,-2.4,48.3,49.3,19,17,2,3,24,4,7
Atlanta Hawks,2007,0,0.451,98.2,36.3,29.9,-1.8,49.8,50.6,21,27,5,7,8,9,20
Indiana Pacers,2007,0,0.439,104.0,37.8,32.1,-1.2,48.5,48.7,4,3,11,12,19,10,2
New Jersey Nets,2007,0,0.415,95.8,34.8,30.7,-5.4,47.5,50.2,25,18,10,20,16,23,6
Chicago Bulls,2007,0,0.402,97.3,36.4,30.2,-3.1,48.0,50.0,5,23,15,17,4,2,9
Charlotte Bobcats,2007,0,0.39,97.1,36.1,29.8,-4.5,46.9,48.3,22,16,20,29,20,1,10
Milwaukee Bucks,2007,0,0.317,97.0,36.9,28.8,-7.2,45.2,50.6,11,24,22,22,3,12,12
Los Angeles Clippers,2007,0,0.28,93.8,34.4,30.4,-7.5,46.1,48.4,27,28,6,6,25,17,13
New York Knicks,2007,0,0.28,96.9,36.2,30.0,-6.8,44.0,50.2,10,20,16,23,6,6,11
Memphis Grizzlies,2007,0,0.268,100.7,37.3,31.3,-6.3,45.1,48.9,12,7,17,26,22,13,28
Minnesota Timberwolves,2007,0,0.268,95.6,37.5,29.6,-7.3,43.5,50.1,7,25,30,21,11,3,3
Seattle SuperSonics,2007,0,0.244,97.5,38.1,32.8,-8.6,45.0,50.2,3,29,23,9,12,5,19
Miami Heat,2007,0,0.183,91.4,34.2,28.6,-9.4,44.5,47.0,29,21,25,24,29,25,21
Cleveland Cavaliers,2008,0,0.805,100.3,36.9,31.4,9.6,55.9,51.2,24,3,18,21,18,25,20
Los Angeles Lakers,2008,1,0.793,106.9,40.3,31.5,7.9,54.7,51.4,4,14,10,14,3,16,14
Boston Celtics,2008,0,0.756,100.9,37.5,31.5,7.9,56.2,52.4,28,18,12,17,20,18,3
Orlando Magic,2008,0,0.72,101.0,35.7,33.3,7.1,54.5,50.2,26,1,11,30,27,29,21
Denver Nuggets,2008,0,0.659,104.3,37.3,30.6,3.4,52.9,50.3,22,15,1,20,15,3,5
Portland Trail Blazers,2008,0,0.659,99.4,36.8,28.8,6.0,53.1,52.8,23,8,20,18,1,28,18
San Antonio Spurs,2008,0,0.659,97.0,37.1,32.2,4.2,52.3,50.2,18,6,30,19,30,22,29
Houston Rockets,2008,0,0.646,98.4,36.1,32.5,4.2,53.0,51.7,21,7,15,5,22,7,30
Dallas Mavericks,2008,0,0.61,101.7,38.1,31.6,2.0,52.2,50.4,6,12,21,2,13,26,27
New Orleans Hornets,2008,0,0.598,95.8,35.5,29.9,1.8,51.5,49.6,27,13,25,3,28,30,22
Utah Jazz,2008,0,0.585,103.6,38.3,29.5,2.7,53.5,50.5,16,26,3,13,11,10,8
Atlanta Hawks,2008,0,0.573,98.1,36.0,29.4,1.7,50.7,49.0,25,9,16,28,21,23,26
Phoenix Suns,2008,0,0.561,109.4,41.1,30.7,2.0,52.5,50.3,11,16,5,26,16,21,16
Miami Heat,2008,0,0.524,98.3,37.0,29.4,0.3,50.5,48.4,15,10,27,23,26,27,15
Chicago Bulls,2008,0,0.5,102.2,38.1,30.3,-0.3,49.9,49.8,5,22,7,7,7,4,13
Philadelphia 76ers,2008,0,0.5,97.4,36.5,28.5,0.2,50.3,50.8,19,29,6,25,2,15,24
Detroit Pistons,2008,0,0.476,94.2,36.4,29.9,-0.6,49.6,50.8,17,28,28,24,9,24,12
Indiana Pacers,2008,0,0.439,105.1,39.3,32.5,-1.0,48.9,49.8,2,4,19,4,12,5,4
Charlotte Bobcats,2008,0,0.427,93.6,35.0,28.9,-1.3,49.5,50.4,30,23,26,27,19,1,11
Milwaukee Bucks,2008,0,0.415,99.3,36.7,28.9,-1.1,48.5,49.6,8,21,9,11,5,20,1
New Jersey Nets,2008,0,0.415,98.1,35.7,29.5,-2.7,47.4,49.3,20,5,14,12,23,17,7
Toronto Raptors,2008,0,0.402,99.0,37.2,30.6,-3.0,49.2,49.3,13,24,17,1,29,19,28
New York Knicks,2008,0,0.39,105.2,38.5,31.0,-2.5,46.7,48.0,1,2,23,10,14,8,19
Golden State Warriors,2008,0,0.354,108.6,39.4,30.4,-3.7,47.8,47.3,3,17,2,8,10,12,6
Memphis Grizzlies,2008,0,0.293,93.9,34.9,28.5,-6.0,45.7,49.5,29,25,13,22,24,6,10
Minnesota Timberwolves,2008,0,0.293,97.8,36.4,29.8,-5.0,45.3,51.1,7,19,22,15,6,2,9
Oklahoma City Thunder,2008,0,0.28,97.0,36.6,30.5,-6.2,46.4,50.8,9,30,8,9,4,13,23
Los Angeles Clippers,2008,0,0.232,95.1,36.0,29.0,-9.2,44.1,47.9,10,20,29,29,17,14,25
Washington Wizards,2008,0,0.232,96.1,36.5,28.4,-8.1,44.8,49.5,14,27,24,16,8,9,17
Sacramento Kings,2008,0,0.207,100.6,36.5,28.9,-9.0,44.0,47.7,12,11,4,6,25,11,2
Cleveland Cavaliers,2009,0,0.744,102.1,37.8,32.8,6.8,55.2,51.9,28,8,12,30,27,28,27
Orlando Magic,2009,0,0.72,102.8,36.6,33.4,7.9,55.1,51.2,27,1,10,29,25,30,23
Los Angeles Lakers,2009,1,0.695,101.7,38.3,32.5,4.9,52.9,51.2,7,13,17,12,3,21,28
Dallas Mavericks,2009,0,0.671,102.0,38.3,31.5,2.8,53.4,49.3,14,10,16,1,23,26,30
Phoenix Suns,2009,0,0.659,110.2,40.7,31.9,4.8,53.6,50.3,13,3,5,11,14,18,12
Atlanta Hawks,2009,0,0.646,101.7,38.8,29.9,4.9,52.3,50.2,12,14,20,15,5,22,24
Denver Nuggets,2009,0,0.646,106.5,38.1,30.5,4.4,52.4,49.8,17,12,1,9,17,7,3
Utah Jazz,2009,0,0.646,104.2,39.4,31.6,5.7,55.0,52.0,23,23,3,23,20,5,2
Boston Celtics,2009,0,0.61,99.2,37.1,29.9,3.7,54.0,49.3,30,16,14,21,30,16,9
Oklahoma City Thunder,2009,0,0.61,101.5,37.4,31.8,3.5,53.2,51.1,20,25,2,2,9,17,11
Portland Trail Blazers,2009,0,0.61,98.1,36.3,29.1,3.5,52.5,51.0,26,17,9,3,15,27,13
San Antonio Spurs,2009,0,0.61,101.4,38.4,32.0,5.4,53.2,51.5,18,11,19,24,18,9,18
Miami Heat,2009,0,0.573,96.5,36.4,31.1,2.4,52.2,50.0,25,18,21,19,19,25,14
Milwaukee Bucks,2009,0,0.561,97.7,37.2,31.2,2.1,49.5,50.1,2,5,30,17,6,10,6
Charlotte Bobcats,2009,0,0.537,95.3,34.9,30.4,1.9,51.8,51.0,29,22,4,20,21,2,26
Houston Rockets,2009,0,0.512,102.4,37.7,30.1,0.0,48.9,49.8,3,6,15,10,7,1,15
Chicago Bulls,2009,0,0.5,97.5,37.6,33.1,-1.6,50.0,50.9,10,29,18,18,12,8,20
Memphis Grizzlies,2009,0,0.488,102.5,39.3,30.4,-1.5,48.6,52.3,8,30,7,25,1,3,19
Toronto Raptors,2009,0,0.488,104.1,39.0,30.6,-2.0,48.9,49.5,19,15,8,13,26,23,7
New Orleans Hornets,2009,0,0.451,100.2,38.8,29.9,-2.4,48.4,48.6,9,9,29,7,22,19,25
Indiana Pacers,2009,0,0.39,100.8,36.8,31.9,-3.0,47.6,47.3,11,4,13,8,28,13,4
Los Angeles Clippers,2009,0,0.354,95.7,36.6,30.5,-6.8,46.5,50.0,21,19,28,26,13,24,29
New York Knicks,2009,0,0.354,102.1,38.1,30.2,-4.0,47.4,47.6,6,2,26,4,24,20,21
Detroit Pistons,2009,0,0.329,94.0,35.9,27.3,-5.9,44.8,51.0,22,27,22,27,2,15,8
Philadelphia 76ers,2009,0,0.329,97.7,37.6,29.5,-4.1,47.8,49.8,15,21,27,16,11,29,17
Golden State Warriors,2009,0,0.317,108.8,40.6,29.2,-3.3,47.0,45.3,1,7,6,5,29,14,1
Washington Wizards,2009,0,0.317,96.2,36.7,30.0,-5.3,46.2,50.1,16,24,23,14,8,11,10
Sacramento Kings,2009,0,0.305,100.0,38.3,30.7,-4.7,46.7,50.4,5,20,25,28,4,4,5
Minnesota Timberwolves,2009,0,0.183,98.2,37.9,31.2,-9.8,43.2,50.1,4,26,24,22,10,6,16
New Jersey Nets,2009,0,0.146,92.4,34.3,28.8,-9.6,42.9,47.8,24,28,11,6,16,12,22
Chicago Bulls,2010,0,0.756,98.6,37.1,32.4,7.8,55.5,52.8,22,15,14,26,6,5,20
San Antonio Spurs,2010,0,0.744,103.7,38.4,31.7,6.1,53.8,50.0,16,4,11,14,23,16,28
Miami Heat,2010,0,0.707,102.1,37.0,32.5,7.8,55.6,51.4,29,11,3,12,26,30,17
Dallas Mavericks,2010,1,0.695,100.2,37.4,31.9,4.4,53.8,50.4,24,8,24,8,28,29,27
Los Angeles Lakers,2010,0,0.695,101.5,38.1,31.9,6.3,54.1,51.3,11,12,10,6,4,20,29
Boston Celtics,2010,0,0.683,96.5,36.9,31.0,5.7,55.8,49.7,30,26,20,10,30,21,15
Oklahoma City Thunder,2010,0,0.671,104.8,37.4,31.8,3.9,52.9,50.7,17,18,1,1,15,23,3
Orlando Magic,2010,0,0.634,99.2,36.0,32.7,5.6,53.4,51.8,26,1,21,30,17,28,21
Denver Nuggets,2010,0,0.61,107.5,38.4,32.3,4.9,52.4,50.6,18,7,2,15,27,2,12
Portland Trail Blazers,2010,0,0.585,96.3,36.0,27.2,1.6,51.6,49.9,19,13,18,3,5,27,26
Memphis Grizzlies,2010,0,0.561,99.9,39.0,29.2,2.5,51.8,50.5,8,30,17,23,7,1,14
New Orleans Hornets,2010,0,0.561,94.9,35.9,30.1,1.0,50.7,50.3,27,22,22,16,24,14,13
Atlanta Hawks,2010,0,0.537,95.0,36.2,30.0,-0.7,49.3,49.4,25,17,29,7,29,26,30
Houston Rockets,2010,0,0.524,105.9,38.7,31.1,2.3,51.5,50.1,3,6,5,4,8,9,22
New York Knicks,2010,0,0.512,106.5,38.3,30.1,1.0,50.4,47.3,6,2,4,2,21,22,10
Philadelphia 76ers,2010,0,0.5,99.0,38.1,31.4,1.5,51.0,49.7,10,23,25,11,19,17,25
Phoenix Suns,2010,0,0.488,105.0,39.3,30.2,-0.8,49.4,48.0,7,3,19,18,25,24,18
Utah Jazz,2010,0,0.476,99.4,37.4,28.5,-1.8,50.0,49.6,20,24,6,9,16,11,1
Indiana Pacers,2010,0,0.451,99.8,36.6,32.4,-0.9,49.2,50.1,9,10,7,5,13,6,9
Golden State Warriors,2010,0,0.439,103.4,39.6,28.9,-2.3,47.2,47.6,1,5,30,17,10,25,5
Milwaukee Bucks,2010,0,0.427,91.9,34.3,30.2,-0.8,48.8,49.2,23,19,26,20,18,15,16
Charlotte Bobcats,2010,0,0.415,93.3,35.0,29.8,-4.2,48.0,50.2,28,27,13,21,22,3,23
Los Angeles Clippers,2010,0,0.39,98.6,36.8,30.5,-3.2,48.3,51.1,21,14,8,29,11,13,11
Detroit Pistons,2010,0,0.366,97.0,37.3,27.3,-3.7,46.4,49.1,13,20,28,27,12,18,24
New Jersey Nets,2010,0,0.293,94.2,35.6,29.8,-6.8,45.2,49.7,15,21,27,19,14,19,6
Sacramento Kings,2010,0,0.293,99.4,38.2,30.8,-5.5,46.2,51.2,4,25,23,28,2,7,7
Washington Wizards,2010,0,0.28,97.3,37.2,29.0,-7.8,44.5,48.8,5,28,15,24,3,12,2
Toronto Raptors,2010,0,0.268,99.1,38.3,28.6,-6.5,45.9,49.5,12,29,16,22,9,8,8
Cleveland Cavaliers,2010,0,0.232,95.5,35.2,29.9,-9.5,44.1,48.5,14,16,9,25,20,4,19
Minnesota Timberwolves,2010,0,0.207,101.1,37.7,31.2,-6.7,44.3,51.2,2,9,12,13,1,10,4
Chicago Bulls,2011,0,0.758,96.3,37.4,32.8,8.8,56.1,53.6,7,17,27,27,1,11,28
San Antonio Spurs,2011,0,0.758,103.7,39.6,32.6,7.7,54.6,50.7,8,2,18,19,25,14,29
Oklahoma City Thunder,2011,0,0.712,103.1,37.3,32.7,6.3,54.2,50.9,25,9,1,1,19,17,8
Miami Heat,2011,1,0.697,98.5,37.1,31.2,6.4,55.3,50.4,26,20,6,7,24,28,17
Indiana Pacers,2011,0,0.636,97.7,35.7,31.4,3.3,52.1,51.1,16,19,2,3,6,4,3
Los Angeles Lakers,2011,0,0.621,97.3,36.8,34.1,1.3,52.4,53.2,21,21,8,16,8,22,30
Memphis Grizzlies,2011,0,0.621,95.0,36.7,29.5,2.2,51.4,50.8,12,27,10,13,5,9,12
Atlanta Hawks,2011,0,0.606,96.6,36.8,31.3,3.8,52.6,49.3,19,7,23,23,28,21,25
Los Angeles Clippers,2011,0,0.606,97.5,37.0,29.4,2.7,51.7,50.7,17,4,21,29,9,24,6
Boston Celtics,2011,0,0.591,91.8,35.5,31.1,2.6,53.5,47.8,30,22,24,5,30,23,13
Denver Nuggets,2011,0,0.576,104.1,39.0,31.9,3.2,52.7,51.5,15,15,3,25,16,1,14
Orlando Magic,2011,0,0.561,94.2,34.5,31.2,0.6,49.3,51.0,27,1,28,30,17,29,26
Dallas Mavericks,2011,0,0.545,95.8,36.3,32.7,1.1,51.0,49.3,14,8,22,9,27,30,23
New York Knicks,2011,0,0.545,97.8,35.8,30.5,3.2,52.0,50.3,20,5,7,22,15,13,7
Utah Jazz,2011,0,0.545,99.7,38.2,31.1,0.5,50.9,51.9,4,28,5,17,3,6,2
Philadelphia 76ers,2011,0,0.53,93.6,37.4,32.5,4.6,53.2,49.5,5,24,30,21,22,19,27
Houston Rockets,2011,0,0.515,98.1,37.7,30.5,0.2,49.7,49.9,3,10,25,4,12,12,9
Phoenix Suns,2011,0,0.5,98.4,37.8,30.8,-0.1,50.2,49.3,9,13,19,14,21,27,22
Milwaukee Bucks,2011,0,0.47,99.0,37.9,30.0,0.4,50.3,49.0,2,16,14,8,7,25,18
Portland Trail Blazers,2011,0,0.424,97.2,36.4,29.5,-0.9,49.4,49.3,13,11,11,2,18,20,20
Minnesota Timberwolves,2011,0,0.394,97.9,35.7,31.7,-2.2,48.3,50.2,11,12,4,10,10,7,24
Detroit Pistons,2011,0,0.379,90.9,34.7,28.5,-5.0,44.8,50.0,24,26,15,18,13,10,15
Golden State Warriors,2011,0,0.348,97.8,37.7,29.5,-3.4,47.2,46.0,10,3,29,11,29,15,4
Toronto Raptors,2011,0,0.348,90.7,34.4,31.4,-3.9,47.8,50.3,28,23,17,12,23,18,1
New Jersey Nets,2011,0,0.333,93.1,34.3,28.5,-6.3,44.8,48.9,22,6,13,6,11,16,19
Sacramento Kings,2011,0,0.333,98.8,37.7,29.5,-5.8,45.1,48.7,1,18,12,24,2,2,16
Cleveland Cavaliers,2011,0,0.318,93.0,34.3,29.5,-7.6,43.9,49.6,18,14,9,28,4,3,11
New Orleans Hornets,2011,0,0.318,89.6,34.8,30.2,-4.0,48.2,50.6,29,30,20,15,20,5,10
Washington Wizards,2011,0,0.303,93.6,36.6,29.9,-5.0,46.0,48.9,6,25,26,26,14,26,5
Charlotte Bobcats,2011,0,0.106,87.0,33.2,28.7,-15.0,41.1,47.4,23,29,16,20,26,8,21
Miami Heat,2012,1,0.805,102.9,38.4,30.4,8.2,56.4,48.5,30,3,12,16,28,30,23
Oklahoma City Thunder,2012,0,0.732,105.7,38.1,33.2,9.9,57.0,51.3,29,13,1,1,25,29,14
San Antonio Spurs,2012,0,0.707,103.0,39.1,33.2,6.7,55.1,49.3,19,7,15,3,29,15,30
Denver Nuggets,2012,0,0.695,106.1,40.7,31.7,5.1,53.8,51.3,2,20,6,28,1,2,10
Los Angeles Clippers,2012,0,0.683,101.1,38.5,30.2,6.9,54.8,51.2,24,10,17,27,15,26,6
Memphis Grizzlies,2012,0,0.683,93.4,36.1,29.8,4.5,53.1,52.0,17,30,16,9,3,12,15
New York Knicks,2012,0,0.659,100.0,36.5,29.7,4.5,51.2,49.4,15,1,21,13,18,28,16
Brooklyn Nets,2012,0,0.598,96.9,35.9,30.0,2.0,50.9,52.0,27,9,9,24,5,17,27
Indiana Pacers,2012,0,0.605,94.7,35.1,33.0,4.4,53.7,52.2,25,16,7,19,4,11,17
Golden State Warriors,2012,0,0.573,101.2,38.2,34.2,0.9,50.2,50.6,9,8,13,4,21,16,2
Chicago Bulls,2012,0,0.549,93.2,35.7,30.7,0.5,51.4,51.4,13,29,18,10,6,9,19
Houston Rockets,2012,0,0.549,106.0,38.1,32.3,3.5,51.0,50.9,10,2,3,17,17,5,13
Los Angeles Lakers,2012,0,0.549,102.2,37.1,33.3,1.1,51.3,51.0,21,4,2,30,13,18,29
Atlanta Hawks,2012,0,0.537,98.0,37.6,31.6,0.3,50.9,48.2,22,5,28,26,27,25,28
Utah Jazz,2012,0,0.524,98.0,37.1,30.0,-0.2,50.4,51.0,12,23,10,12,8,7,3
Boston Celtics,2012,0,0.506,96.5,37.0,31.3,-0.5,50.7,47.7,28,25,19,6,30,20,4
Dallas Mavericks,2012,0,0.5,101.1,38.8,32.6,-0.6,50.2,48.4,8,11,20,2,26,27,8
Milwaukee Bucks,2012,0,0.463,98.9,38.1,30.9,-1.7,48.8,49.1,1,14,26,22,2,22,21
Philadelphia 76ers,2012,0,0.415,93.2,37.3,30.4,-3.7,47.4,48.9,7,21,30,25,19,19,25
Toronto Raptors,2012,0,0.415,97.2,36.3,29.6,-1.4,48.4,49.0,18,15,8,5,24,21,1
Portland Trail Blazers,2012,0,0.402,97.5,36.7,30.2,-3.4,46.8,49.5,11,6,22,7,23,23,24
Minnesota Timberwolves,2012,0,0.378,95.7,35.9,30.2,-2.2,49.4,50.0,14,28,5,21,11,8,26
Detroit Pistons,2012,0,0.354,94.9,36.3,30.0,-4.5,46.7,50.6,23,22,23,29,9,10,18
Washington Wizards,2012,0,0.354,93.2,35.5,32.3,-2.3,48.1,49.1,16,18,24,23,22,24,11
Sacramento Kings,2012,0,0.341,100.2,37.6,29.1,-4.7,45.4,48.5,4,12,11,11,14,4,7
New Orleans Hornets,2012,0,0.329,94.1,36.0,29.6,-4.4,46.4,51.4,26,19,25,8,10,6,12
Phoenix Suns,2012,0,0.305,95.2,37.3,29.9,-6.7,45.8,49.1,3,26,27,20,12,14,9
Cleveland Cavaliers,2012,0,0.293,96.5,36.5,28.8,-5.0,45.0,50.0,5,17,14,14,7,3,5
Charlotte Bobcats,2012,0,0.256,93.4,34.4,29.1,-9.9,43.8,48.6,20,27,4,18,16,1,22
Orlando Magic,2012,0,0.244,94.1,37.7,31.9,-7.4,45.9,49.8,6,24,29,15,20,13,20
San Antonio Spurs,2013,1,0.756,105.4,40.6,34.0,8.1,55.5,50.3,12,12,27,4,26,16,29
Oklahoma City Thunder,2013,0,0.72,106.2,39.0,33.9,6.4,54.3,51.8,14,14,5,2,18,26,3
Los Angeles Clippers,2013,0,0.695,107.9,39.1,32.5,7.3,54.8,49.6,16,13,3,26,21,27,11
Indiana Pacers,2013,0,0.683,96.7,36.0,34.5,4.7,54.5,51.7,27,22,12,7,22,17,16
Houston Rockets,2013,0,0.659,107.7,38.0,34.1,4.6,53.4,51.3,26,1,1,28,15,4,17
Miami Heat,2013,0,0.659,102.2,38.3,29.2,5.1,53.9,47.6,30,15,15,14,30,30,23
Portland Trail Blazers,2013,0,0.659,106.7,39.1,34.0,4.2,52.4,51.7,3,2,7,1,2,25,24
Golden State Warriors,2013,0,0.622,104.3,39.5,34.4,4.9,52.8,50.8,6,3,25,18,17,21,9
Memphis Grizzlies,2013,0,0.61,96.1,38.1,30.8,1.7,51.8,52.1,22,30,30,23,9,11,26
Dallas Mavericks,2013,0,0.598,104.8,39.6,30.7,2.3,52.1,48.7,11,8,20,3,23,28,20
Chicago Bulls,2013,0,0.585,93.7,34.7,32.7,1.9,52.8,51.8,28,26,13,8,11,3,27
Phoenix Suns,2013,0,0.585,105.2,38.7,31.7,2.6,50.9,50.0,13,6,9,16,14,23,8
Toronto Raptors,2013,0,0.585,101.3,36.5,31.1,3.3,51.2,50.5,23,9,6,5,12,19,1
Brooklyn Nets,2013,0,0.537,98.5,35.7,29.4,-1.3,49.2,47.5,29,10,10,19,28,22,10
Washington Wizards,2013,0,0.537,100.7,38.7,31.4,1.3,50.4,49.8,9,16,29,25,19,24,18
Charlotte Bobcats,2013,0,0.524,96.9,36.3,33.2,-0.4,50.8,50.0,21,25,14,24,25,10,30
Minnesota Timberwolves,2013,0,0.488,106.9,38.9,32.2,2.6,51.9,50.8,1,17,2,9,3,5,28
Atlanta Hawks,2013,0,0.463,101.0,37.3,31.3,-0.7,50.2,48.5,24,4,17,6,29,20,25
New York Knicks,2013,0,0.451,98.6,36.9,29.7,-1.1,49.0,49.2,19,7,28,13,20,29,7
Denver Nuggets,2013,0,0.439,104.4,38.4,33.1,-2.2,48.1,50.5,5,11,8,27,4,6,2
New Orleans Pelicans,2013,0,0.415,99.7,37.8,30.3,-3.0,48.3,49.7,17,29,11,11,13,2,4
Cleveland Cavaliers,2013,0,0.402,98.2,37.0,32.1,-3.6,46.9,50.8,8,18,18,20,5,7,21
Detroit Pistons,2013,0,0.354,101.0,38.8,30.8,-3.7,46.4,51.1,4,27,16,30,1,13,19
Sacramento Kings,2013,0,0.341,100.5,36.9,32.4,-2.7,47.3,51.8,18,28,4,15,6,8,5
Los Angeles Lakers,2013,0,0.329,103.0,38.3,32.0,-6.0,46.0,45.9,7,5,19,17,27,15,22
Boston Celtics,2013,0,0.305,96.2,36.5,30.5,-4.6,46.1,50.5,10,19,24,10,7,18,12
Utah Jazz,2013,0,0.305,95.0,36.0,30.2,-7.6,45.1,49.7,25,24,23,21,16,14,14
Orlando Magic,2013,0,0.28,96.5,36.9,32.4,-5.7,46.6,49.0,15,21,26,12,24,9,15
Philadelphia 76ers,2013,0,0.232,99.5,37.9,31.2,-10.0,42.6,47.9,2,20,22,29,10,1,6
Milwaukee Bucks,2013,0,0.183,95.5,36.0,29.3,-8.3,44.9,49.0,20,23,21,22,8,12,13
Golden State Warriors,2014,1,0.817,110.0,41.6,34.3,9.9,56.9,49.8,3,2,23,9,21,28,18
Atlanta Hawks,2014,0,0.732,102.5,38.1,31.8,5.9,54.0,48.7,27,5,19,5,30,13,30
Houston Rockets,2014,0,0.683,103.9,37.0,32.0,3.4,50.9,49.6,12,1,5,27,6,9,4
Los Angeles Clippers,2014,0,0.683,106.7,39.4,33.1,6.9,54.0,49.7,13,3,7,28,28,30,7
Memphis Grizzlies,2014,0,0.671,98.3,37.8,32.1,3.5,53.0,50.3,23,29,10,7,22,11,22
San Antonio Spurs,2014,0,0.671,103.2,39.1,33.8,6.3,54.5,50.7,11,12,16,4,27,22,23
Cleveland Cavaliers,2014,0,0.646,103.1,37.7,31.9,4.8,51.4,51.3,24,4,9,17,11,20,26
Portland Trail Blazers,2014,0,0.622,102.8,38.7,35.1,4.3,52.2,51.0,5,6,27,1,15,29,27
Chicago Bulls,2014,0,0.61,100.8,36.6,34.0,3.0,52.9,51.6,18,15,3,3,7,6,28
Dallas Mavericks,2014,0,0.61,105.2,39.7,31.8,3.2,52.1,47.7,6,7,15,16,19,27,16
Toronto Raptors,2014,0,0.598,104.0,37.9,30.8,3.1,50.6,49.4,14,8,4,2,16,12,12
Washington Wizards,2014,0,0.561,98.5,38.3,34.2,0.6,52.5,51.4,20,26,25,21,20,24,14
New Orleans Pelicans,2014,0,0.549,99.4,37.9,32.0,0.8,50.8,51.1,19,19,20,18,10,3,25
Oklahoma City Thunder,2014,0,0.549,104.0,38.8,34.7,2.1,50.5,52.4,4,16,6,14,1,19,2
Milwaukee Bucks,2014,0,0.5,97.8,37.6,31.4,0.6,51.1,49.1,25,23,24,12,17,14,3
Boston Celtics,2014,0,0.488,101.4,38.9,32.7,0.3,49.8,49.5,1,13,28,15,12,10,9
Phoenix Suns,2014,0,0.476,102.4,38.8,32.2,-1.1,49.1,48.9,7,10,21,11,13,26,8
Brooklyn Nets,2014,0,0.463,98.0,37.4,32.0,-3.0,48.0,49.1,17,24,18,19,24,21,19
Indiana Pacers,2014,0,0.463,97.3,36.6,34.4,0.2,50.5,51.1,15,17,17,13,23,17,10
Utah Jazz,2014,0,0.463,95.1,35.4,31.9,0.1,50.7,52.4,29,18,13,26,4,18,20
Miami Heat,2014,0,0.451,94.7,35.2,30.0,-3.0,49.2,48.9,30,20,11,22,29,23,17
Charlotte Hornets,2014,0,0.402,94.2,35.5,34.1,-3.4,48.2,50.2,10,27,14,20,25,7,29
Detroit Pistons,2014,0,0.39,98.5,37.1,32.1,-1.1,47.8,50.5,8,9,26,29,2,15,24
Denver Nuggets,2014,0,0.366,101.5,37.8,32.4,-3.3,46.5,49.4,2,14,8,24,3,2,1
Sacramento Kings,2014,0,0.354,101.3,36.7,33.3,-3.7,48.5,51.9,28,28,1,10,14,1,15
Orlando Magic,2014,0,0.305,95.7,37.5,31.8,-5.9,45.5,49.1,21,21,30,25,26,8,13
Los Angeles Lakers,2014,0,0.256,98.5,37.2,32.3,-7.1,45.0,49.7,9,25,12,23,8,16,11
Philadelphia 76ers,2014,0,0.22,92.0,33.7,30.9,-9.0,42.6,48.0,22,11,22,30,5,4,5
New York Knicks,2014,0,0.207,91.9,35.1,29.8,-10.1,44.1,48.4,26,22,29,8,18,25,6
Minnesota Timberwolves,2014,0,0.195,97.8,36.4,29.3,-9.1,45.3,48.9,16,30,2,6,9,5,21
Golden State Warriors,2015,0,0.89,114.9,42.5,36.2,10.6,56.7,50.7,3,1,22,16,20,27,11
San Antonio Spurs,2015,0,0.817,103.5,40.1,34.5,11.1,57.8,51.6,24,25,25,2,25,29,30
Cleveland Cavaliers,2015,1,0.695,104.3,38.7,33.9,6.3,52.8,51.9,19,2,26,21,12,23,17
Toronto Raptors,2015,0,0.683,102.7,36.7,33.2,4.4,52.5,52.0,28,13,2,12,19,11,22
Oklahoma City Thunder,2015,0,0.671,110.2,41.1,35.6,7.4,54.6,54.1,5,17,4,10,1,20,15
LA Clippers,2015,0,0.646,104.5,38.3,33.3,4.5,53.3,47.2,25,8,11,29,29,30,7
Atlanta Hawks,2015,0,0.585,102.8,38.6,33.8,3.9,52.8,47.4,15,6,29,8,30,17,24
Boston Celtics,2015,0,0.585,105.7,39.2,33.3,3.3,52.0,49.5,1,12,8,6,3,7,2
Charlotte Hornets,2015,0,0.585,103.4,37.0,35.0,2.7,51.1,49.9,16,4,7,5,28,8,28
Miami Heat,2015,0,0.585,100.0,38.4,34.3,1.7,52.5,51.2,27,27,18,23,22,28,27
Indiana Pacers,2015,0,0.549,102.2,38.3,33.9,1.6,51.8,49.4,13,18,14,15,17,21,20
Detroit Pistons,2015,0,0.537,102.0,37.9,33.9,0.3,48.6,52.1,6,10,19,30,2,22,25
Portland Trail Blazers,2015,0,0.537,105.1,38.6,33.9,0.8,49.3,51.0,8,5,15,19,4,13,4
Chicago Bulls,2015,0,0.512,101.6,38.6,35.2,-1.4,49.4,50.6,2,21,23,7,9,2,26
Dallas Mavericks,2015,0,0.512,102.3,37.4,33.9,-0.4,50.3,48.4,18,7,12,3,26,24,23
Memphis Grizzlies,2015,0,0.512,99.1,36.8,30.5,-2.4,48.3,49.5,22,28,5,9,8,3,5
Houston Rockets,2015,0,0.5,106.5,37.7,31.7,0.0,49.0,49.2,23,3,3,27,7,18,3
Washington Wizards,2015,0,0.5,104.1,39.5,32.8,-0.5,49.7,49.0,10,14,24,25,27,25,10
Utah Jazz,2015,0,0.488,97.7,36.1,32.5,1.8,50.8,51.7,30,16,20,24,10,19,19
Orlando Magic,2015,0,0.427,102.1,39.5,33.0,-1.6,48.8,49.5,4,22,30,17,18,9,12
Denver Nuggets,2015,0,0.402,101.9,37.7,33.1,-3.3,47.9,51.3,12,19,9,14,5,1,8
Milwaukee Bucks,2015,0,0.402,99.0,38.4,31.2,-4.5,48.3,49.0,26,30,21,22,14,5,13
Sacramento Kings,2015,0,0.402,106.6,40.0,33.7,-2.3,49.4,50.0,7,20,10,26,13,12,16
New York Knicks,2015,0,0.39,98.4,36.9,34.0,-2.8,48.7,50.2,20,24,17,1,16,26,21
New Orleans Pelicans,2015,0,0.366,102.7,38.5,33.1,-3.7,47.2,49.3,9,15,16,13,23,14,9
Minnesota Timberwolves,2015,0,0.354,102.4,37.7,31.5,-3.5,49.7,49.4,29,29,1,4,21,15,14
Phoenix Suns,2015,0,0.28,100.9,37.2,33.3,-6.5,45.0,50.8,11,11,13,20,6,10,1
Brooklyn Nets,2015,0,0.256,98.6,38.2,31.9,-7.4,46.0,49.4,17,26,27,18,15,16,29
Los Angeles Lakers,2015,0,0.207,97.3,35.1,32.3,-9.7,42.4,48.4,14,23,6,11,11,6,18
Philadelphia 76ers,2015,0,0.122,97.4,36.2,31.8,-10.2,42.8,46.6,21,9,28,28,24,4,6
Golden State Warriors,2016,1,0.817,115.9,43.1,35.0,11.4,57.9,50.4,8,3,17,9,19,27,19
San Antonio Spurs,2016,0,0.744,105.3,39.3,33.9,7.4,55.1,51.1,24,16,18,7,16,25,24
Houston Rockets,2016,0,0.671,115.3,40.3,33.5,5.7,51.6,49.9,7,1,2,20,9,12,16
Boston Celtics,2016,0,0.646,108.0,38.6,32.9,2.6,51.4,48.5,18,4,9,3,22,8,10
Cleveland Cavaliers,2016,0,0.622,110.3,39.9,34.4,3.1,51.0,49.9,19,2,19,23,21,23,27
LA Clippers,2016,0,0.622,108.7,39.5,34.0,4.4,52.7,50.1,26,9,6,26,23,30,17
Toronto Raptors,2016,0,0.622,106.9,39.2,32.6,4.3,51.6,50.5,21,21,3,8,11,18,8
Utah Jazz,2016,0,0.622,100.7,37.0,33.8,4.3,53.4,51.4,30,13,22,24,20,28,23
Washington Wizards,2016,0,0.598,109.2,41.3,32.6,1.7,51.1,50.1,10,17,20,12,13,19,4
Oklahoma City Thunder,2016,0,0.573,106.6,39.5,34.4,0.8,49.9,52.8,5,26,8,27,1,2,7
Atlanta Hawks,2016,0,0.524,103.2,38.1,34.1,-0.7,50.6,50.2,22,19,13,28,14,9,25
Memphis Grizzlies,2016,0,0.524,100.5,36.4,32.0,0.5,50.1,50.7,25,14,12,13,10,13,2
Indiana Pacers,2016,0,0.512,105.1,39.3,33.0,-0.2,50.5,48.8,20,23,16,2,24,14,18
Milwaukee Bucks,2016,0,0.512,103.6,38.8,31.6,-0.2,50.4,48.7,29,22,21,19,25,20,14
Chicago Bulls,2016,0,0.5,102.9,38.6,34.1,0.3,50.4,51.9,9,28,15,6,2,21,29
Miami Heat,2016,0,0.5,103.2,39.0,33.0,1.0,50.0,49.9,14,12,28,30,12,16,11
Portland Trail Blazers,2016,0,0.5,107.9,39.5,33.5,-0.6,49.3,49.6,13,8,11,14,15,6,5
Denver Nuggets,2016,0,0.488,111.7,41.2,34.6,0.4,50.3,53.2,4,7,10,17,5,17,21
Detroit Pistons,2016,0,0.451,101.3,39.9,34.6,-1.4,48.2,51.9,1,27,30,29,8,26,28
Charlotte Hornets,2016,0,0.439,104.9,37.7,34.8,0.0,50.5,49.6,15,11,4,1,26,3,30
New Orleans Pelicans,2016,0,0.415,104.3,39.1,35.1,-2.1,49.3,48.0,11,15,25,22,29,24,26
Dallas Mavericks,2016,0,0.402,97.9,36.2,30.7,-3.0,47.9,46.5,27,5,29,4,30,29,22
Sacramento Kings,2016,0,0.39,102.8,37.9,32.3,-4.2,47.8,49.2,28,18,14,16,28,10,12
Minnesota Timberwolves,2016,0,0.378,105.6,39.5,31.0,-0.9,50.1,50.7,23,30,7,5,6,15,15
New York Knicks,2016,0,0.378,104.3,39.6,33.2,-3.6,48.2,50.0,2,24,26,10,3,22,13
Orlando Magic,2016,0,0.354,101.1,38.3,33.3,-6.5,46.0,49.1,12,25,27,25,17,11,20
Philadelphia 76ers,2016,0,0.341,102.4,37.7,33.0,-5.5,47.0,49.0,16,10,23,18,18,4,3
Los Angeles Lakers,2016,0,0.317,104.6,39.3,32.1,-6.7,44.6,49.4,6,20,24,21,7,5,9
Phoenix Suns,2016,0,0.293,107.7,39.9,33.1,-5.2,46.2,50.3,3,29,1,15,4,7,1
Brooklyn Nets,2016,0,0.244,105.8,37.8,35.1,-6.5,46.0,48.3,17,6,5,11,27,1,6
Houston Rockets,2017,0,0.793,112.4,38.7,34.5,8.4,53.1,50.3,27,1,2,9,23,25,18
Toronto Raptors,2017,0,0.72,111.7,41.3,34.2,7.7,53.8,50.2,6,4,9,4,14,11,4
Golden State Warriors,2017,1,0.707,113.5,42.8,35.1,5.9,55.4,49.7,24,8,16,1,28,30,15
Boston Celtics,2017,0,0.671,104.0,38.3,35.1,3.6,51.9,50.4,25,6,21,17,20,26,14
Philadelphia 76ers,2017,0,0.634,109.8,40.8,36.5,4.6,54.2,52.0,12,10,11,23,3,8,2
Cleveland Cavaliers,2017,0,0.61,110.9,40.4,33.7,1.0,50.2,49.2,26,3,6,10,27,28,26
Portland Trail Blazers,2017,0,0.598,105.6,39.3,35.3,2.7,51.0,51.3,8,16,15,3,9,9,19
Indiana Pacers,2017,0,0.585,105.6,40.8,32.7,1.3,50.9,49.6,14,25,24,11,16,6,24
New Orleans Pelicans,2017,0,0.585,111.7,42.7,35.6,1.1,52.5,49.4,3,18,19,13,26,27,23
Oklahoma City Thunder,2017,0,0.585,107.9,39.9,32.6,3.7,50.8,51.5,4,15,10,29,1,20,10
Utah Jazz,2017,0,0.585,104.1,38.3,34.2,4.4,53.2,50.9,29,13,13,12,24,21,16
Minnesota Timberwolves,2017,0,0.573,109.5,41.0,31.6,2.3,51.8,50.3,15,30,3,2,7,16,28
San Antonio Spurs,2017,0,0.573,102.7,39.0,33.9,3.0,52.5,50.8,21,28,20,14,6,29,29
Denver Nuggets,2017,0,0.561,110.0,40.7,33.5,1.4,51.1,51.7,13,7,12,18,2,15,25
Miami Heat,2017,0,0.537,103.4,38.8,34.2,0.4,50.5,50.1,23,11,26,22,21,22,11
Milwaukee Bucks,2017,0,0.537,106.5,39.7,31.5,-0.2,50.2,48.0,28,27,5,8,29,23,5
Washington Wizards,2017,0,0.524,106.6,39.9,33.1,0.4,50.9,50.4,19,21,14,15,13,17,6
LA Clippers,2017,0,0.512,109.0,40.3,33.7,0.2,49.7,50.4,22,22,4,26,10,2,12
Detroit Pistons,2017,0,0.476,103.8,39.1,33.6,-0.1,48.9,49.9,9,14,27,25,11,12,27
Charlotte Hornets,2017,0,0.439,108.2,39.0,35.4,-0.1,50.0,51.2,11,19,1,24,12,13,30
Los Angeles Lakers,2017,0,0.427,108.1,40.7,35.7,-1.3,49.1,50.5,2,20,17,30,4,3,7
New York Knicks,2017,0,0.354,104.5,40.7,33.6,-3.4,48.1,50.9,5,29,25,5,5,18,9
Brooklyn Nets,2017,0,0.341,106.6,38.2,34.8,-3.6,47.4,48.9,10,2,8,16,15,4,8
Chicago Bulls,2017,0,0.329,102.9,38.7,35.0,-7.0,45.3,50.0,1,12,28,20,17,7,21
Sacramento Kings,2017,0,0.329,98.8,38.8,31.4,-7.3,45.1,48.9,16,26,30,28,18,19,13
Orlando Magic,2017,0,0.305,103.4,38.8,32.8,-4.7,47.2,48.0,17,17,23,21,25,14,20
Atlanta Hawks,2017,0,0.293,103.4,38.2,32.8,-5.7,46.8,48.9,20,9,22,7,22,5,17
Dallas Mavericks,2017,0,0.293,102.3,38.1,33.1,-2.9,47.5,47.8,18,5,29,19,30,24,22
Memphis Grizzlies,2017,0,0.268,99.3,36.7,31.0,-6.8,46.0,49.3,30,24,18,6,19,10,1
Phoenix Suns,2017,0,0.256,103.9,38.5,33.9,-9.0,44.2,49.3,7,23,7,27,8,1,3
Milwaukee Bucks,2018,0,0.732,118.1,43.4,40.4,8.6,55.3,51.6,6,2,12,14,25,19,26
Toronto Raptors,2018,1,0.707,114.4,42.2,35.6,5.8,53.3,50.2,15,8,15,3,24,23,14
Golden State Warriors,2018,0,0.695,117.7,44.0,36.5,6.5,54.6,50.5,12,3,23,5,21,30,9
Denver Nuggets,2018,0,0.659,110.7,41.9,34.5,4.0,52.4,52.4,11,17,26,20,2,16,24
Houston Rockets,2018,0,0.646,113.9,39.2,31.9,4.8,49.8,48.1,25,1,3,9,14,24,6
Portland Trail Blazers,2018,0,0.646,114.7,42.3,36.2,4.2,52.1,52.6,7,18,5,2,3,11,19
Philadelphia 76ers,2018,0,0.622,115.2,41.5,36.9,2.6,52.9,51.7,20,19,2,16,11,27,11
Utah Jazz,2018,0,0.61,111.7,40.4,36.4,5.0,53.9,52.2,29,9,7,26,17,21,12
Boston Celtics,2018,0,0.598,112.4,42.1,34.7,4.3,53.0,49.5,8,6,28,4,20,29,20
Oklahoma City Thunder,2018,0,0.598,114.5,42.6,35.5,3.4,50.6,50.9,1,12,13,28,1,12,4
Indiana Pacers,2018,0,0.585,108.0,41.3,33.7,3.4,52.7,49.9,27,29,27,21,26,10,27
LA Clippers,2018,0,0.585,115.1,41.3,35.8,1.0,50.5,50.0,24,24,1,7,22,1,3
San Antonio Spurs,2018,0,0.585,111.7,42.3,35.5,1.6,51.6,50.1,17,26,20,1,27,28,30
Brooklyn Nets,2018,0,0.512,112.2,40.3,35.6,-0.1,49.2,50.1,14,5,6,24,9,9,8
Orlando Magic,2018,0,0.512,107.3,40.4,35.4,0.6,50.8,50.4,16,13,30,12,18,26,29
Detroit Pistons,2018,0,0.5,107.0,38.8,33.6,-0.3,48.2,50.9,18,10,19,23,5,13,5
Charlotte Hornets,2018,0,0.476,110.7,40.2,33.9,-1.3,48.6,49.5,13,11,9,6,19,2,28
Miami Heat,2018,0,0.476,105.7,39.6,35.1,-0.4,50.1,50.9,21,14,29,30,7,20,15
Sacramento Kings,2018,0,0.476,114.2,43.2,34.4,-1.2,49.5,48.7,2,15,21,27,10,14,10
Los Angeles Lakers,2018,0,0.451,111.8,42.6,36.4,-1.6,49.5,50.2,9,20,24,29,15,15,17
Minnesota Timberwolves,2018,0,0.439,112.5,41.6,33.5,-1.6,49.8,49.7,5,23,4,10,6,6,21
Dallas Mavericks,2018,0,0.402,108.9,38.8,35.2,-1.5,49.2,50.3,28,7,8,25,16,25,23
Memphis Grizzlies,2018,0,0.402,103.5,38.0,33.0,-2.4,49.0,48.4,30,27,16,15,29,18,7
New Orleans Pelicans,2018,0,0.402,115.4,43.7,36.2,-1.3,49.8,50.9,3,21,14,18,8,8,13
Washington Wizards,2018,0,0.39,114.0,42.1,32.7,-2.7,48.7,47.7,10,16,10,17,23,22,18
Atlanta Hawks,2018,0,0.354,113.3,41.4,34.5,-5.5,46.4,49.6,4,4,17,22,4,7,1
Chicago Bulls,2018,0,0.268,104.9,39.8,34.1,-8.3,45.3,48.3,22,30,25,11,30,3,22
Cleveland Cavaliers,2018,0,0.232,104.5,38.9,31.9,-10.0,43.6,49.6,23,22,22,8,12,4,25
Phoenix Suns,2018,0,0.232,107.5,40.1,31.3,-8.9,45.0,46.4,26,28,18,13,28,17,2
New York Knicks,2018,0,0.207,104.6,38.2,34.3,-8.9,44.2,48.6,19,25,11,19,13,5,16
Milwaukee Bucks,2019,0,0.767,118.7,43.3,42.2,9.4,56.2,52.4,4,3,14,27,24,22,24
Toronto Raptors,2019,0,0.736,112.8,40.2,35.9,6.1,53.0,49.6,23,4,12,6,25,5,9
Los Angeles Lakers,2019,1,0.732,113.4,42.3,35.1,5.6,53.9,51.2,20,23,17,28,6,30,17
LA Clippers,2019,0,0.681,116.3,41.6,37.0,6.3,53.2,51.5,14,13,1,8,7,18,5
Boston Celtics,2019,0,0.667,113.7,41.3,35.4,6.3,53.1,50.9,11,12,10,5,8,6,11
Denver Nuggets,2019,0,0.63,111.3,42.0,33.4,2.2,51.7,50.9,15,24,25,16,4,23,20
Indiana Pacers,2019,0,0.616,109.4,42.1,34.1,1.9,52.0,48.7,18,29,30,12,28,19,22
Houston Rockets,2019,0,0.611,117.8,40.8,34.5,2.7,49.4,48.0,8,1,2,9,20,14,7
Miami Heat,2019,0,0.603,112.0,39.5,35.9,2.7,52.5,51.2,30,6,5,13,29,26,18
Oklahoma City Thunder,2019,0,0.611,110.4,40.0,34.7,2.1,51.9,49.2,28,26,4,7,30,28,27
Utah Jazz,2019,0,0.611,111.3,40.1,35.8,2.5,51.3,51.2,29,7,16,14,26,20,19
Dallas Mavericks,2019,0,0.573,117.0,41.7,36.4,4.8,52.1,50.9,9,2,11,15,10,27,25
Philadelphia 76ers,2019,0,0.589,110.7,41.1,35.0,2.3,52.3,51.6,24,19,21,21,11,29,16
Brooklyn Nets,2019,0,0.486,111.8,40.4,37.3,-0.5,50.0,51.1,10,9,15,25,9,9,15
Portland Trail Blazers,2019,0,0.473,115.0,42.2,35.1,-1.1,48.6,49.2,3,10,18,3,16,15,10
Memphis Grizzlies,2019,0,0.466,112.6,42.5,36.2,-1.0,50.7,50.6,5,25,22,19,14,10,13
Phoenix Suns,2019,0,0.466,113.6,41.2,33.8,0.5,51.2,49.8,22,20,3,1,21,7,6
Orlando Magic,2019,0,0.452,107.3,39.3,34.2,-1.3,49.6,50.0,16,22,19,17,15,21,29
San Antonio Spurs,2019,0,0.451,114.1,42.2,35.6,-0.9,50.2,49.5,12,27,8,2,27,24,26
Sacramento Kings,2019,0,0.431,110.1,40.9,32.9,-1.9,47.9,49.2,19,11,27,18,23,25,3
New Orleans Pelicans,2019,0,0.417,115.8,42.6,35.4,-1.3,49.5,50.8,1,5,20,29,2,17,14
Washington Wizards,2019,0,0.347,114.4,41.5,31.9,-4.5,47.3,47.8,6,16,6,11,17,11,2
Charlotte Hornets,2019,0,0.354,102.9,37.3,31.8,-7.0,45.5,48.6,26,15,26,24,3,12,28
Chicago Bulls,2019,0,0.338,106.8,39.6,31.4,-3.1,46.6,48.1,17,14,28,22,12,3,8
New York Knicks,2019,0,0.318,105.8,40.0,34.5,-6.5,46.1,51.3,13,30,24,30,1,13,4
Atlanta Hawks,2019,0,0.299,111.8,40.6,33.4,-7.4,45.4,48.4,7,17,13,10,19,1,1
Detroit Pistons,2019,0,0.303,107.2,39.3,32.0,-3.5,47.3,49.3,27,18,23,26,22,4,23
Cleveland Cavaliers,2019,0,0.292,106.9,40.3,33.4,-7.9,45.3,51.2,25,21,29,20,5,2,30
Minnesota Timberwolves,2019,0,0.297,113.3,40.4,34.3,-4.0,47.2,48.8,2,8,7,23,13,8,12
Golden State Warriors,2019,0,0.231,106.3,38.6,32.9,-8.6,46.2,48.1,21,28,9,4,18,16,21
Utah Jazz,2020,0,0.722,116.4,41.3,37.6,9.0,54.2,52.9,18,1,11,8,3,28,23
Phoenix Suns,2020,0,0.708,115.3,43.3,34.2,5.9,53.4,50.0,16,12,28,2,28,30,15
Philadelphia 76ers,2020,0,0.681,113.6,41.4,35.0,5.5,53.6,51.1,24,23,3,20,13,18,8
Brooklyn Nets,2020,0,0.667,118.6,43.1,35.5,4.2,53.2,50.3,21,7,5,6,27,20,18
Denver Nuggets,2020,0,0.653,115.1,43.3,33.9,4.8,52.5,52.2,8,14,27,7,8,23,16
LA Clippers,2020,0,0.653,114.0,41.8,34.7,6.1,53.0,51.8,25,6,23,1,20,26,14
Milwaukee Bucks,2020,1,0.639,120.1,44.7,37.8,5.8,53.3,51.9,1,5,24,23,12,15,29
Dallas Mavericks,2020,0,0.583,112.4,41.1,34.2,2.3,51.0,49.6,22,8,17,15,25,29,11
Los Angeles Lakers,2020,0,0.583,109.5,40.6,34.6,2.9,51.7,51.1,27,25,12,28,15,24,17
Portland Trail Blazers,2020,0,0.583,116.1,41.3,33.9,1.8,49.3,49.5,4,2,6,3,4,21,19
Atlanta Hawks,2020,0,0.569,113.7,40.8,35.1,2.2,51.1,51.6,23,17,2,5,5,14,13
New York Knicks,2020,0,0.569,107.0,39.4,35.5,2.4,50.2,50.5,26,21,19,14,16,6,5
Miami Heat,2020,0,0.556,108.1,39.2,33.5,-0.1,50.9,49.1,30,15,13,12,29,27,20
Golden State Warriors,2020,0,0.542,113.7,41.3,35.1,1.1,51.0,48.0,17,3,15,13,30,25,2
Memphis Grizzlies,2020,0,0.528,113.3,42.8,35.3,1.2,51.1,50.7,2,24,20,18,2,11,22
Boston Celtics,2020,0,0.5,112.6,41.5,33.6,1.2,50.1,51.0,11,11,25,16,6,22,7
Indiana Pacers,2020,0,0.472,115.3,43.3,33.7,0.1,50.2,47.6,3,18,21,9,26,7,9
Washington Wizards,2020,0,0.472,116.6,43.2,35.5,-1.6,49.6,49.4,5,28,1,19,17,16,1
Charlotte Hornets,2020,0,0.458,109.5,39.9,33.2,-1.9,48.9,49.6,20,10,26,21,7,17,26
San Antonio Spurs,2020,0,0.458,111.1,41.9,34.6,-1.5,49.3,48.5,7,30,9,10,23,12,27
Chicago Bulls,2020,0,0.431,110.7,42.2,35.3,-1.1,49.9,51.9,13,16,30,11,18,13,21
New Orleans Pelicans,2020,0,0.431,114.6,42.5,35.7,-0.3,50.8,52.7,10,27,4,29,1,1,28
Sacramento Kings,2020,0,0.431,113.7,42.6,32.0,-3.8,48.1,48.2,14,19,22,25,21,19,12
Toronto Raptors,2020,0,0.375,111.3,39.7,32.1,-0.4,48.6,47.9,12,4,10,4,22,4,3
Minnesota Timberwolves,2020,0,0.319,112.1,40.7,33.0,-5.3,46.9,48.4,6,13,8,22,9,5,4
Cleveland Cavaliers,2020,0,0.306,103.8,38.6,32.3,-8.3,46.0,49.9,28,29,14,26,10,2,24
Oklahoma City Thunder,2020,0,0.306,105.0,38.8,35.7,-10.6,44.2,49.4,19,20,29,30,14,8,25
Orlando Magic,2020,0,0.292,104.0,38.3,35.1,-9.3,45.0,48.8,9,26,16,17,11,9,30
Detroit Pistons,2020,0,0.278,106.6,38.7,33.1,-4.5,47.3,49.3,29,22,7,24,19,3,6
Houston Rockets,2020,0,0.236,108.8,39.3,33.3,-7.4,45.1,47.4,15,9,18,27,24,10,10
Phoenix Suns,2021,0,0.78,114.8,43.7,35.5,7.5,54.8,50.3,6,20,24,7,18,27,12
Memphis Grizzlies,2021,0,0.683,115.6,43.5,35.0,5.3,53.0,52.6,1,23,14,28,1,1,14
Golden State Warriors,2021,1,0.646,111.0,40.5,35.7,5.5,53.6,51.0,21,3,26,17,19,29,4
Miami Heat,2021,0,0.646,110.0,39.6,33.9,4.5,52.9,51.0,28,6,12,5,20,28,6
Dallas Mavericks,2021,0,0.634,108.0,39.3,33.8,3.5,51.1,49.6,27,10,20,16,24,30,15
Boston Celtics,2021,0,0.622,111.8,40.7,35.5,7.4,54.7,50.9,17,8,15,2,11,16,26
Milwaukee Bucks,2021,0,0.622,115.5,41.8,36.5,3.2,51.6,51.2,8,4,8,15,15,22,28
Philadelphia 76ers,2021,0,0.622,109.9,39.4,33.8,2.8,51.7,49.0,30,21,1,1,30,17,19
Utah Jazz,2021,0,0.598,113.6,40.6,35.6,6.2,52.8,52.5,24,2,6,20,9,23,20
Denver Nuggets,2021,0,0.585,112.7,41.7,34.9,2.3,51.6,51.5,23,13,19,8,25,12,11
Toronto Raptors,2021,0,0.585,109.4,40.6,32.0,2.2,49.4,50.8,4,19,23,23,2,6,18
Chicago Bulls,2021,0,0.561,111.6,41.7,33.7,-0.5,49.6,49.5,20,28,9,3,29,7,22
Minnesota Timberwolves,2021,0,0.561,115.9,41.6,32.9,2.7,50.4,49.0,5,1,4,14,6,13,2
Brooklyn Nets,2021,0,0.537,112.9,42.0,34.1,0.9,51.2,49.9,12,24,10,6,14,9,7
Cleveland Cavaliers,2021,0,0.537,107.8,39.7,34.0,2.1,51.7,50.6,29,22,17,21,16,18,30
Atlanta Hawks,2021,0,0.524,113.9,41.5,33.9,1.6,50.9,50.1,13,11,3,4,17,21,24
Charlotte Hornets,2021,0,0.524,115.3,42.8,33.7,0.5,50.4,48.6,3,5,25,27,10,19,13
LA Clippers,2021,0,0.512,108.4,40.1,34.9,0.0,50.2,48.6,18,12,27,9,26,25,25
New York Knicks,2021,0,0.451,106.5,37.7,34.6,-0.4,49.1,51.2,25,9,5,26,4,20,8
New Orleans Pelicans,2021,0,0.439,109.3,40.2,33.2,-0.8,50.0,51.8,16,29,2,10,3,14,16
Washington Wizards,2021,0,0.427,108.6,40.6,34.1,-3.4,49.6,49.4,26,30,16,12,28,24,23
San Antonio Spurs,2021,0,0.415,113.2,43.2,34.3,0.2,51.0,49.4,2,26,29,25,7,10,29
Los Angeles Lakers,2021,0,0.402,112.1,41.6,34.5,-2.9,48.2,49.0,10,18,18,29,23,26,10
Sacramento Kings,2021,0,0.366,110.3,40.5,33.4,-5.2,47.3,48.4,15,25,7,18,21,15,21
Portland Trail Blazers,2021,0,0.329,106.2,38.5,32.5,-9.1,44.7,48.7,19,14,21,22,12,8,3
Indiana Pacers,2021,0,0.305,111.5,41.4,32.6,-3.6,47.8,51.2,7,15,22,19,5,11,9
Oklahoma City Thunder,2021,0,0.293,103.7,38.3,35.2,-8.0,45.1,48.7,9,17,30,24,13,2,27
Detroit Pistons,2021,0,0.28,104.8,38.2,32.0,-7.7,45.0,48.1,11,27,13,13,8,4,1
Orlando Magic,2021,0,0.268,104.2,38.3,35.2,-8.1,45.8,49.0,14,16,28,11,27,5,17
Houston Rockets,2021,0,0.244,109.7,39.4,32.4,-8.3,45.1,48.5,22,7,11,30,22,3,5
Milwaukee Bucks,2022,0,0.707,116.9,42.7,37.5,3.4,52.3,52.1,6,4,28,28,11,26,29
Boston Celtics,2022,0,0.695,117.9,42.2,35.6,6.7,53.4,50.6,15,2,23,4,20,27,24
Philadelphia 76ers,2022,0,0.659,115.2,40.8,32.2,4.4,52.4,49.6,30,11,1,1,27,15,12
Denver Nuggets,2022,1,0.646,115.8,43.6,32.9,3.3,52.5,51.4,22,18,27,26,16,20,27
Cleveland Cavaliers,2022,0,0.622,112.3,41.6,31.4,5.6,53.1,49.6,27,19,24,19,21,18,22
Memphis Grizzlies,2022,0,0.622,116.9,43.7,34.6,4.0,51.9,50.7,4,16,25,30,4,7,16
Sacramento Kings,2022,0,0.585,120.7,43.6,32.9,2.6,51.1,49.9,16,5,3,12,23,21,20
New York Knicks,2022,0,0.573,116.0,42.0,34.0,2.8,50.9,52.1,12,12,7,22,3,17,13
Brooklyn Nets,2022,0,0.549,113.4,41.5,32.3,1.1,51.0,47.2,28,9,19,7,29,28,6
Phoenix Suns,2022,0,0.549,113.6,42.1,32.4,2.2,51.4,50.8,9,13,26,10,5,24,4
Golden State Warriors,2022,0,0.537,118.9,43.1,34.1,1.7,51.0,50.2,8,1,29,9,14,25,3
LA Clippers,2022,0,0.537,113.6,41.1,33.4,0.5,49.8,50.5,24,10,13,18,19,22,21
Miami Heat,2022,0,0.537,109.5,39.2,30.9,-0.5,49.6,49.8,26,17,10,2,22,29,28
Los Angeles Lakers,2022,0,0.524,117.2,42.9,35.7,0.7,51.1,50.5,13,24,2,20,18,8,30
Minnesota Timberwolves,2022,0,0.512,115.8,42.9,32.8,0.2,50.3,48.5,18,14,18,23,26,23,2
New Orleans Pelicans,2022,0,0.512,114.4,42.0,33.1,1.9,51.4,51.2,17,23,8,11,13,13,9
Atlanta Hawks,2022,0,0.5,118.4,44.6,33.2,0.1,50.0,50.0,3,25,16,3,9,10,25
Toronto Raptors,2022,0,0.5,112.9,41.9,30.3,1.5,49.6,50.2,5,27,17,16,2,16,17
Chicago Bulls,2022,0,0.488,113.1,42.5,33.9,1.3,51.2,49.3,21,29,20,5,28,14,23
Oklahoma City Thunder,2022,0,0.488,117.5,43.1,32.3,1.0,49.8,48.7,1,15,9,6,8,3,7
Dallas Mavericks,2022,0,0.463,114.2,40.0,31.2,-0.2,48.7,47.1,29,3,12,24,30,30,8
Utah Jazz,2022,0,0.451,117.1,42.5,34.1,-0.7,49.8,51.2,10,7,14,14,6,12,10
Indiana Pacers,2022,0,0.427,116.3,42.0,31.4,-3.3,48.2,48.2,11,6,15,13,17,5,5
Washington Wizards,2022,0,0.427,113.2,42.1,34.2,-1.2,50.4,50.5,20,21,21,15,24,11,26
Orlando Magic,2022,0,0.415,111.4,40.5,33.1,-2.3,48.5,50.5,23,26,5,17,15,9,15
Portland Trail Blazers,2022,0,0.402,113.4,40.5,31.1,-4.0,47.4,48.6,25,8,6,8,25,19,18
Charlotte Hornets,2022,0,0.329,111.0,41.3,33.5,-6.3,47.3,49.1,7,28,22,27,12,2,14
Houston Rockets,2022,0,0.268,110.7,40.6,32.9,-8.1,45.7,53.0,14,30,11,25,1,1,11
San Antonio Spurs,2022,0,0.268,113.0,43.1,31.9,-9.9,45.2,49.5,2,22,30,29,7,6,19
Detroit Pistons,2022,0,0.207,110.3,39.6,31.3,-7.9,44.9,49.1,19,20,4,21,10,4,1
